Date delivery,Price
08/11/2019,47.12
09/11/2019,41.69
10/11/2019,40.97
11/11/2019,41.11
12/11/2019,42.2
13/11/2019,47.08
14/11/2019,45.32
15/11/2019,37.9
16/11/2019,38.1
17/11/2019,36.82
18/11/2019,41.36
19/11/2019,46.49
20/11/2019,53.25
21/11/2019,50.09
22/11/2019,43.58
23/11/2019,30.58
24/11/2019,33.47
25/11/2019,51.12
26/11/2019,47.36
27/11/2019,39.5
28/11/2019,30.49
29/11/2019,40.08
30/11/2019,42.01
01/12/2019,42.45
02/12/2019,46.18
03/12/2019,51.36
04/12/2019,47.94
05/12/2019,41.82
06/12/2019,31.1
07/12/2019,24.91
08/12/2019,-16.38
09/12/2019,23.37
10/12/2019,40.17
11/12/2019,38.12
12/12/2019,44.62
13/12/2019,36.53
14/12/2019,23.23
15/12/2019,12.68
16/12/2019,40.84
17/12/2019,36.72
18/12/2019,40.2
19/12/2019,34.65
20/12/2019,29.41
21/12/2019,28.11
22/12/2019,26.48
23/12/2019,24.5
24/12/2019,20.52
25/12/2019,27.25
26/12/2019,33.63
27/12/2019,37.82
28/12/2019,34.29
29/12/2019,30.17
30/12/2019,25.57
31/12/2019,32.74
01/01/2020,34.96
02/01/2020,38.87
03/01/2020,26.11
04/01/2020,20.32
05/01/2020,35.55
06/01/2020,38.13
07/01/2020,40.52
08/01/2020,33.58
09/01/2020,36.25
10/01/2020,34.8
11/01/2020,31.86
12/01/2020,22.64
13/01/2020,37.68
14/01/2020,23.36
15/01/2020,24.96
16/01/2020,38.17
17/01/2020,36.9
18/01/2020,31.85
19/01/2020,33.89
20/01/2020,44.53
21/01/2020,41.6
22/01/2020,45.9
23/01/2020,51.54
24/01/2020,50.24
25/01/2020,40.35
26/01/2020,33.89
27/01/2020,37.49
28/01/2020,31.61
29/01/2020,33.22
30/01/2020,32.82
31/01/2020,22.48
01/02/2020,6.84
02/02/2020,16.99
03/02/2020,27.66
04/02/2020,27.88
05/02/2020,36.2
06/02/2020,36.92
07/02/2020,36.69
08/02/2020,28.05
09/02/2020,1.57
10/02/2020,7.88
11/02/2020,11.62
12/02/2020,19.46
13/02/2020,37.59
14/02/2020,36.03
15/02/2020,20.44
16/02/2020,-8.27
17/02/2020,18.25
18/02/2020,21.87
19/02/2020,30.91
20/02/2020,28.68
21/02/2020,24.33
22/02/2020,-1.51
23/02/2020,6.95
24/02/2020,28.49
25/02/2020,24.1
26/02/2020,31.67
27/02/2020,38.44
28/02/2020,31.04
29/02/2020,8.91
01/03/2020,7.14
02/03/2020,33.18
03/03/2020,36.25
04/03/2020,39.61
05/03/2020,36.07
06/03/2020,30.48
07/03/2020,29.09
08/03/2020,17.11
09/03/2020,37.11
10/03/2020,23.25
11/03/2020,22.69
12/03/2020,12.24
13/03/2020,16.54
14/03/2020,30.27
15/03/2020,4.65
16/03/2020,31.19
17/03/2020,28.18
18/03/2020,26.42
19/03/2020,28.69
20/03/2020,25.14
21/03/2020,10.74
22/03/2020,-0.95
23/03/2020,16.98
24/03/2020,20.45
25/03/2020,23.06
26/03/2020,22.23
27/03/2020,21.55
28/03/2020,14.24
29/03/2020,4.95
30/03/2020,23.32
31/03/2020,25.17
01/04/2020,23.36
02/04/2020,19.95
03/04/2020,22.53
04/04/2020,20.15
05/04/2020,2.68
06/04/2020,17.34
07/04/2020,23.54
08/04/2020,26.51
09/04/2020,23.51
10/04/2020,23.14
11/04/2020,20.86
12/04/2020,12.45
13/04/2020,-15.97
14/04/2020,19.9
15/04/2020,20.17
16/04/2020,25.32
17/04/2020,27.77
18/04/2020,20.23
19/04/2020,7.41
20/04/2020,2.44
21/04/2020,-16.15
22/04/2020,7.88
23/04/2020,27.76
24/04/2020,20.65
25/04/2020,16.86
26/04/2020,18.89
27/04/2020,25.5
28/04/2020,25.06
29/04/2020,23.05
30/04/2020,20
01/05/2020,6.53
02/05/2020,12.47
03/05/2020,14.06
04/05/2020,26.38
05/05/2020,21.72
06/05/2020,21.49
07/05/2020,23.83
08/05/2020,23.78
09/05/2020,21.98
10/05/2020,12.58
11/05/2020,14.07
12/05/2020,22.27
13/05/2020,29.76
14/05/2020,22.79
15/05/2020,21.08
16/05/2020,16.96
17/05/2020,9.46
18/05/2020,19.74
19/05/2020,23.69
20/05/2020,32.05
21/05/2020,19.58
22/05/2020,18.83
23/05/2020,10.27
24/05/2020,-26.13
25/05/2020,18.63
26/05/2020,27.43
27/05/2020,22.9
28/05/2020,20.41
29/05/2020,22.69
30/05/2020,12.54
31/05/2020,1.66
01/06/2020,6.07
02/06/2020,28.34
03/06/2020,28.84
04/06/2020,26.55
05/06/2020,24.3
06/06/2020,6.69
07/06/2020,17.64
08/06/2020,31.37
09/06/2020,36.68
10/06/2020,31.36
11/06/2020,24.06
12/06/2020,20.72
13/06/2020,19.84
14/06/2020,18.51
15/06/2020,31.05
16/06/2020,34.12
17/06/2020,37.24
18/06/2020,31.8
19/06/2020,29.85
20/06/2020,24.08
21/06/2020,19.5
22/06/2020,29.58
23/06/2020,32.74
24/06/2020,35.57
25/06/2020,34.45
26/06/2020,34.8
27/06/2020,26.83
28/06/2020,17.11
29/06/2020,27.48
30/06/2020,18.35
01/07/2020,32.39
02/07/2020,38.91
03/07/2020,34.93
04/07/2020,15.4
05/07/2020,-15.34
06/07/2020,14.28
07/07/2020,31.9
08/07/2020,41.21
09/07/2020,42.42
10/07/2020,36.62
11/07/2020,28.6
12/07/2020,24.77
13/07/2020,34.18
14/07/2020,36.76
15/07/2020,41.71
16/07/2020,44.45
17/07/2020,37.58
18/07/2020,29.01
19/07/2020,27.78
20/07/2020,32.96
21/07/2020,31.71
22/07/2020,34.35
23/07/2020,35.69
24/07/2020,31.16
25/07/2020,25.52
26/07/2020,12.61
27/07/2020,32.53
28/07/2020,22.97
29/07/2020,20.75
30/07/2020,35.62
31/07/2020,38.51
01/08/2020,28.31
02/08/2020,28.19
03/08/2020,36.72
04/08/2020,36.39
05/08/2020,29.61
06/08/2020,33.28
07/08/2020,35.98
08/08/2020,32.04
09/08/2020,28.53
10/08/2020,36.98
11/08/2020,36.3
12/08/2020,35.86
13/08/2020,38.59
14/08/2020,40.83
15/08/2020,31.86
16/08/2020,28.68
17/08/2020,40.36
18/08/2020,42.39
19/08/2020,38.23
20/08/2020,38.11
21/08/2020,31.81
22/08/2020,23.83
23/08/2020,16.33
24/08/2020,44.72
25/08/2020,38.46
26/08/2020,17.89
27/08/2020,46.31
28/08/2020,40.7
29/08/2020,35.64
30/08/2020,33.82
31/08/2020,54.04
01/09/2020,49.81
02/09/2020,49.82
03/09/2020,40.54
04/09/2020,38.32
05/09/2020,33.41
06/09/2020,34.83
07/09/2020,43.54
08/09/2020,37.6
09/09/2020,36.63
10/09/2020,47.34
11/09/2020,47.81
12/09/2020,31.87
13/09/2020,20.19
14/09/2020,53.11
15/09/2020,70.2
16/09/2020,53.41
17/09/2020,46.4
18/09/2020,42.13
19/09/2020,36.54
20/09/2020,37.52
21/09/2020,61.1
22/09/2020,53.31
23/09/2020,46.43
24/09/2020,38.18
25/09/2020,41.37
26/09/2020,33.13
27/09/2020,30.03
28/09/2020,47.26
29/09/2020,58.62
30/09/2020,50.25
01/10/2020,41.02
02/10/2020,35.68
03/10/2020,16.46
04/10/2020,7.11
05/10/2020,32.09
06/10/2020,34.45
07/10/2020,36.62
08/10/2020,29.83
09/10/2020,39.97
10/10/2020,31.23
11/10/2020,32.18
12/10/2020,46.9
13/10/2020,45.23
14/10/2020,35.67
15/10/2020,40.94
16/10/2020,46.94
17/10/2020,40.76
18/10/2020,30.56
19/10/2020,44.64
20/10/2020,35.22
21/10/2020,32.61
22/10/2020,32.39
23/10/2020,44.78
24/10/2020,30.58
25/10/2020,13.93
26/10/2020,38.27
27/10/2020,34.61
28/10/2020,29.94
29/10/2020,32.65
30/10/2020,30.19
31/10/2020,31.02
01/11/2020,16.95
02/11/2020,23.4
03/11/2020,35.74
04/11/2020,40.01
05/11/2020,38.66
06/11/2020,40.54
07/11/2020,36.23
08/11/2020,36.66
09/11/2020,44.88
10/11/2020,48.15
11/11/2020,45.06
12/11/2020,40.96
13/11/2020,40.73
14/11/2020,36.48
15/11/2020,7.3
16/11/2020,28.49
17/11/2020,38.89
18/11/2020,36.36
19/11/2020,26.39
20/11/2020,43.26
21/11/2020,30.3
22/11/2020,29.97
23/11/2020,43.63
24/11/2020,42.03
25/11/2020,46.87
26/11/2020,56.55
27/11/2020,64.73
28/11/2020,46.88
29/11/2020,45.28
30/11/2020,52.22
01/12/2020,53.71
02/12/2020,73.99
03/12/2020,48
04/12/2020,41.78
05/12/2020,46.39
06/12/2020,42.75
07/12/2020,44.73
08/12/2020,61.08
09/12/2020,75.03
10/12/2020,69.39
11/12/2020,45.8
12/12/2020,45.72
13/12/2020,43.17
14/12/2020,42.99
15/12/2020,50.4
16/12/2020,50.06
17/12/2020,44.58
18/12/2020,42.51
19/12/2020,32.52
20/12/2020,40
21/12/2020,38.78
22/12/2020,27.69
23/12/2020,43.9
24/12/2020,24.33
25/12/2020,34.92
26/12/2020,19.15
27/12/2020,-13.45
28/12/2020,39.21
29/12/2020,46.21
30/12/2020,47.07
31/12/2020,46.7
01/01/2021,48.4
02/01/2021,50.56
03/01/2021,38.62
04/01/2021,48.02
05/01/2021,55.34
06/01/2021,52.68
07/01/2021,70.93
08/01/2021,78.34
09/01/2021,59.32
10/01/2021,52.16
11/01/2021,48.15
12/01/2021,46.1
13/01/2021,42.47
14/01/2021,70.58
15/01/2021,72.89
16/01/2021,55.85
17/01/2021,54
18/01/2021,55.95
19/01/2021,44.95
20/01/2021,36.28
21/01/2021,30.07
22/01/2021,42.53
23/01/2021,51.72
24/01/2021,49.17
25/01/2021,60.84
26/01/2021,61.37
27/01/2021,57.99
28/01/2021,55.31
29/01/2021,49.68
30/01/2021,48.48
31/01/2021,48.23
01/02/2021,57.47
02/02/2021,54.62
03/02/2021,44.53
04/02/2021,52.04
05/02/2021,51.39
06/02/2021,36.38
07/02/2021,19.38
08/02/2021,43.52
09/02/2021,64.32
10/02/2021,72.21
11/02/2021,79.3
12/02/2021,62.13
13/02/2021,53.22
14/02/2021,45.89
15/02/2021,50.75
16/02/2021,52.43
17/02/2021,49.67
18/02/2021,45.4
19/02/2021,47.71
20/02/2021,34.05
21/02/2021,32.92
22/02/2021,49.9
23/02/2021,45.58
24/02/2021,38.13
25/02/2021,46.16
26/02/2021,47.63
27/02/2021,44.94
28/02/2021,42.07
01/03/2021,49.77
02/03/2021,53.5
03/03/2021,51.91
04/03/2021,54.08
05/03/2021,53.6
06/03/2021,44.71
07/03/2021,44.82
08/03/2021,61.61
09/03/2021,60.92
10/03/2021,50.82
11/03/2021,27.43
12/03/2021,22.29
13/03/2021,11.93
14/03/2021,15.75
15/03/2021,49.28
16/03/2021,56.01
17/03/2021,57.65
18/03/2021,64.86
19/03/2021,56.45
20/03/2021,51.34
21/03/2021,35.42
22/03/2021,60.48
23/03/2021,62.33
24/03/2021,55.54
25/03/2021,58.85
26/03/2021,51.37
27/03/2021,24.69
28/03/2021,18.99
29/03/2021,40.81
30/03/2021,55.73
31/03/2021,58.72
01/04/2021,52.29
02/04/2021,36.5
03/04/2021,39.56
04/04/2021,27.69
05/04/2021,-17
06/04/2021,35.38
07/04/2021,50.32
08/04/2021,57.58
09/04/2021,53.92
10/04/2021,58.81
11/04/2021,48.69
12/04/2021,62.72
13/04/2021,57.52
14/04/2021,69.49
15/04/2021,66.98
16/04/2021,63.04
17/04/2021,61.2
18/04/2021,62.63
19/04/2021,75.67
20/04/2021,75.77
21/04/2021,59.88
22/04/2021,45.9
23/04/2021,61.73
24/04/2021,52.91
25/04/2021,37.48
26/04/2021,61.92
27/04/2021,59.51
28/04/2021,61.72
29/04/2021,59.44
30/04/2021,69.15
01/05/2021,56.69
02/05/2021,43.81
03/05/2021,62.43
04/05/2021,30.26
05/05/2021,31.81
06/05/2021,64.97
07/05/2021,71.3
08/05/2021,50.74
09/05/2021,3.62
10/05/2021,57.46
11/05/2021,72.17
12/05/2021,68.75
13/05/2021,62.74
14/05/2021,71.8
15/05/2021,60.2
16/05/2021,39.87
17/05/2021,73.7
18/05/2021,74.18
19/05/2021,77.71
20/05/2021,69.99
21/05/2021,31.34
22/05/2021,-7.04
23/05/2021,21.15
24/05/2021,31.65
25/05/2021,59.78
26/05/2021,65.61
27/05/2021,71.77
28/05/2021,73.6
29/05/2021,56.49
30/05/2021,37.85
31/05/2021,67.46
01/06/2021,68.25
02/06/2021,66.69
03/06/2021,61.96
04/06/2021,71.8
05/06/2021,62.56
06/06/2021,59.44
07/06/2021,77.34
08/06/2021,76.92
09/06/2021,76.74
10/06/2021,78.83
11/06/2021,78.1
12/06/2021,39.18
13/06/2021,19.4
14/06/2021,74.22
15/06/2021,82.61
16/06/2021,85
17/06/2021,77.51
18/06/2021,80.12
19/06/2021,70.1
20/06/2021,58.43
21/06/2021,77.63
22/06/2021,84.59
23/06/2021,92.84
24/06/2021,94.83
25/06/2021,89.73
26/06/2021,79.88
27/06/2021,64.96
28/06/2021,88.73
29/06/2021,91.65
30/06/2021,92.38
01/07/2021,89.39
02/07/2021,96.58
03/07/2021,83.6
04/07/2021,82.96
05/07/2021,93.85
06/07/2021,80.68
07/07/2021,99.11
08/07/2021,109.04
09/07/2021,91.42
10/07/2021,80.45
11/07/2021,77.74
12/07/2021,93.45
13/07/2021,95.02
14/07/2021,87.39
15/07/2021,89.74
16/07/2021,84.96
17/07/2021,61.69
18/07/2021,45.78
19/07/2021,89.21
20/07/2021,91.69
21/07/2021,89.99
22/07/2021,87.56
23/07/2021,88.8
24/07/2021,75.76
25/07/2021,60.71
26/07/2021,88.5
27/07/2021,87.22
28/07/2021,79.42
29/07/2021,46.1
30/07/2021,64.81
31/07/2021,29.82
01/08/2021,58.54
02/08/2021,80.1
03/08/2021,96.51
04/08/2021,98.17
05/08/2021,94.51
06/08/2021,71.6
07/08/2021,61.52
08/08/2021,5.63
09/08/2021,67.59
10/08/2021,90.77
11/08/2021,100.76
12/08/2021,106.54
13/08/2021,94.9
14/08/2021,63.37
15/08/2021,61.94
16/08/2021,67.6
17/08/2021,57.39
18/08/2021,78.64
19/08/2021,91.62
20/08/2021,102.18
21/08/2021,91.46
22/08/2021,78.05
23/08/2021,93.88
24/08/2021,95.4
25/08/2021,84.31
26/08/2021,92.62
27/08/2021,95.91
28/08/2021,84.72
29/08/2021,80.74
30/08/2021,106.58
31/08/2021,110.05
01/09/2021,111.86
02/09/2021,118.19
03/09/2021,110.53
04/09/2021,106.88
05/09/2021,97.63
06/09/2021,127.82
07/09/2021,127.98
08/09/2021,124.78
09/09/2021,130.23
10/09/2021,138.29
11/09/2021,129.02
12/09/2021,105.22
13/09/2021,141.32
14/09/2021,143.24
15/09/2021,168.21
16/09/2021,158.94
17/09/2021,156.96
18/09/2021,133.76
19/09/2021,94.1
20/09/2021,150.7
21/09/2021,149.89
22/09/2021,145.98
23/09/2021,73.16
24/09/2021,108.98
25/09/2021,127.59
26/09/2021,125.72
27/09/2021,143.22
28/09/2021,155.09
29/09/2021,133.31
30/09/2021,112.57
01/10/2021,100.33
02/10/2021,104.06
03/10/2021,40.96
04/10/2021,158.12
05/10/2021,159.73
06/10/2021,184.12
07/10/2021,302.53
08/10/2021,203.89
09/10/2021,139.49
10/10/2021,144.34
11/10/2021,167.84
12/10/2021,167.43
13/10/2021,188.24
14/10/2021,167.81
15/10/2021,116.65
16/10/2021,156.78
17/10/2021,142.16
18/10/2021,189.72
19/10/2021,153.46
20/10/2021,60.11
21/10/2021,61.5
22/10/2021,71.87
23/10/2021,139.38
24/10/2021,99.41
25/10/2021,173.65
26/10/2021,178.02
27/10/2021,143.84
28/10/2021,153.54
29/10/2021,112.97
30/10/2021,84.15
31/10/2021,61.32
01/11/2021,95.49
02/11/2021,204.11
03/11/2021,193.14
04/11/2021,172.11
05/11/2021,160.09
06/11/2021,76.76
07/11/2021,35.41
08/11/2021,177.41
09/11/2021,163.14
10/11/2021,176.26
11/11/2021,190.43
12/11/2021,166.9
13/11/2021,156.9
14/11/2021,169.3
15/11/2021,227.96
16/11/2021,237.47
17/11/2021,180.6
18/11/2021,139.9
19/11/2021,131.63
20/11/2021,110.22
21/11/2021,144.84
22/11/2021,233.17
23/11/2021,241.87
24/11/2021,273.89
25/11/2021,243.35
26/11/2021,188.38
27/11/2021,202.9
28/11/2021,201.17
29/11/2021,265.96
30/11/2021,123.84
01/12/2021,91
02/12/2021,195.04
03/12/2021,149.97
04/12/2021,196.26
05/12/2021,157.71
06/12/2021,265.39
07/12/2021,216.19
08/12/2021,184.06
09/12/2021,277.88
10/12/2021,239.78
11/12/2021,237.35
12/12/2021,183.12
13/12/2021,264.66
14/12/2021,295.82
15/12/2021,295.2
16/12/2021,344.3
17/12/2021,338.14
18/12/2021,259.51
19/12/2021,119.67
20/12/2021,331.37
21/12/2021,431.98
22/12/2021,416.72
23/12/2021,300.73
24/12/2021,196.21
25/12/2021,198.29
26/12/2021,172.46
27/12/2021,148.83
28/12/2021,104.23
29/12/2021,155.6
30/12/2021,73.26
31/12/2021,12.13
01/01/2022,82.58
02/01/2022,47.35
03/01/2022,76.11
04/01/2022,153.92
05/01/2022,107.87
06/01/2022,194.1
07/01/2022,167.18
08/01/2022,165.9
09/01/2022,146.56
10/01/2022,261.55
11/01/2022,255.41
12/01/2022,233.32
13/01/2022,180.16
14/01/2022,178.76
15/01/2022,216
16/01/2022,133.1
17/01/2022,129.31
18/01/2022,235.87
19/01/2022,172.18
20/01/2022,117.7
21/01/2022,159.27
22/01/2022,175.76
23/01/2022,193.7
24/01/2022,245.94
25/01/2022,297.29
26/01/2022,234.98
27/01/2022,120.71
28/01/2022,174.35
29/01/2022,92.13
30/01/2022,55.3
31/01/2022,195.2
01/02/2022,150.25
02/02/2022,140.22
03/02/2022,193.56
04/02/2022,132.37
05/02/2022,88.89
06/02/2022,52.78
07/02/2022,84.68
08/02/2022,137.81
09/02/2022,165.89
10/02/2022,192.82
11/02/2022,184.58
12/02/2022,143.05
13/02/2022,83.58
14/02/2022,102.22
15/02/2022,155
16/02/2022,117.38
17/02/2022,68.64
18/02/2022,117.63
19/02/2022,39.62
20/02/2022,67.28
21/02/2022,75.42
22/02/2022,123.24
23/02/2022,130.09
24/02/2022,123.39
25/02/2022,119.96
26/02/2022,225.43
27/02/2022,182.41
28/02/2022,208.3
01/03/2022,241.4
02/03/2022,278.78
03/03/2022,338.2
04/03/2022,358.78
05/03/2022,344.4
06/03/2022,340.8
07/03/2022,410.1
08/03/2022,487.57
09/03/2022,446.25
10/03/2022,279.15
11/03/2022,80.44
12/03/2022,124.25
13/03/2022,115.1
14/03/2022,281.44
15/03/2022,300.54
16/03/2022,245.3
17/03/2022,225.41
18/03/2022,228.9
19/03/2022,130.95
20/03/2022,49.04
21/03/2022,205.75
22/03/2022,236.49
23/03/2022,236.53
24/03/2022,238
25/03/2022,244.38
26/03/2022,189.55
27/03/2022,199.97
28/03/2022,221.57
29/03/2022,250.18
30/03/2022,271.03
31/03/2022,209.19
01/04/2022,160.13
02/04/2022,166.4
03/04/2022,172.89
04/04/2022,75.33
05/04/2022,183.02
06/04/2022,121.33
07/04/2022,74.15
08/04/2022,120.87
09/04/2022,59.83
10/04/2022,74.65
11/04/2022,223.62
12/04/2022,184.59
13/04/2022,222.52
14/04/2022,227.71
15/04/2022,192.96
16/04/2022,149.22
17/04/2022,108.82
18/04/2022,120.23
19/04/2022,213
20/04/2022,203.25
21/04/2022,199.5
22/04/2022,172.49
23/04/2022,93.31
24/04/2022,108.54
25/04/2022,223.46
26/04/2022,238.47
27/04/2022,222.21
28/04/2022,230.15
29/04/2022,228.02
30/04/2022,201.28
01/05/2022,194.74
02/05/2022,219.02
03/05/2022,218.16
04/05/2022,231.29
05/05/2022,234.49
06/05/2022,225.36
07/05/2022,201.43
08/05/2022,171.82
09/05/2022,216.81
10/05/2022,183.32
11/05/2022,159.09
12/05/2022,169.12
13/05/2022,168.79
14/05/2022,152.97
15/05/2022,149.03
16/05/2022,211.58
17/05/2022,225.75
18/05/2022,206.97
19/05/2022,210.81
20/05/2022,209.23
21/05/2022,103.36
22/05/2022,166.03
23/05/2022,188.14
24/05/2022,162.95
25/05/2022,177.5
26/05/2022,67.93
27/05/2022,46.77
28/05/2022,36.85
29/05/2022,156.34
30/05/2022,225.99
31/05/2022,210.17
01/06/2022,215.29
02/06/2022,188.87
03/06/2022,184.55
04/06/2022,162.49
05/06/2022,141.58
06/06/2022,91.33
07/06/2022,183.88
08/06/2022,190.35
09/06/2022,185.49
10/06/2022,185.75
11/06/2022,134.7
12/06/2022,116.96
13/06/2022,165.56
14/06/2022,194.98
15/06/2022,211.83
16/06/2022,201.97
17/06/2022,255.43
18/06/2022,195.4
19/06/2022,154.65
20/06/2022,267.37
21/06/2022,288.59
22/06/2022,323.34
23/06/2022,295.08
24/06/2022,274.3
25/06/2022,240.39
26/06/2022,201.67
27/06/2022,316.65
28/06/2022,331.52
29/06/2022,315.54
30/06/2022,325.48
01/07/2022,314.38
02/07/2022,218.92
03/07/2022,200.11
04/07/2022,293.89
05/07/2022,318.37
06/07/2022,303.54
07/07/2022,213.22
08/07/2022,295.92
09/07/2022,148.14
10/07/2022,115.16
11/07/2022,372.6
12/07/2022,377.66
13/07/2022,352.16
14/07/2022,367.38
15/07/2022,329.92
16/07/2022,174.81
17/07/2022,221.86
18/07/2022,396.07
19/07/2022,397.09
20/07/2022,332.7
21/07/2022,396.73
22/07/2022,377.45
23/07/2022,324.99
24/07/2022,260.63
25/07/2022,309.81
26/07/2022,316.57
27/07/2022,424.49
28/07/2022,473.25
29/07/2022,438.65
30/07/2022,380.77
31/07/2022,317.79
01/08/2022,424.62
02/08/2022,380.51
03/08/2022,384.83
04/08/2022,414.16
05/08/2022,380.31
06/08/2022,273.81
07/08/2022,214.93
08/08/2022,359.55
09/08/2022,344.87
10/08/2022,335.08
11/08/2022,368.15
12/08/2022,436.8
13/08/2022,377.75
14/08/2022,330.46
15/08/2022,426.6
16/08/2022,490.79
17/08/2022,551.95
18/08/2022,563.76
19/08/2022,515.1
20/08/2022,457.97
21/08/2022,364.13
22/08/2022,563.81
23/08/2022,605.13
24/08/2022,624.34
25/08/2022,599.83
26/08/2022,699.44
27/08/2022,607.84
28/08/2022,401.03
29/08/2022,658.41
30/08/2022,660.24
31/08/2022,604.49
01/09/2022,571.2
02/09/2022,422.25
03/09/2022,287.75
04/09/2022,242.71
05/09/2022,357.45
06/09/2022,417.27
07/09/2022,462.47
08/09/2022,443.52
09/09/2022,345.7
10/09/2022,404.32
11/09/2022,391.49
12/09/2022,408.03
13/09/2022,392.37
14/09/2022,455.81
15/09/2022,369.37
16/09/2022,201.2
17/09/2022,68.77
18/09/2022,77.93
19/09/2022,261.68
20/09/2022,363.43
21/09/2022,379.94
22/09/2022,387.89
23/09/2022,368.33
24/09/2022,351.11
25/09/2022,276.5
26/09/2022,245.93
27/09/2022,310.21
28/09/2022,386.2
29/09/2022,417.14
30/09/2022,315.49
01/10/2022,82.82
02/10/2022,114.75
03/10/2022,209.35
04/10/2022,246.31
05/10/2022,103.19
06/10/2022,100.8
07/10/2022,163.89
08/10/2022,145.34
09/10/2022,146.72
10/10/2022,162.09
11/10/2022,259.87
12/10/2022,282.54
13/10/2022,257.46
14/10/2022,260.65
15/10/2022,156.63
16/10/2022,95.86
17/10/2022,152.61
18/10/2022,183.18
19/10/2022,168.45
20/10/2022,140.22
21/10/2022,163.45
22/10/2022,139.87
23/10/2022,95.75
24/10/2022,80.62
25/10/2022,105.4
26/10/2022,121.4
27/10/2022,124.69
28/10/2022,105.52
29/10/2022,101.06
30/10/2022,117.24
31/10/2022,145.22
01/11/2022,68.86
02/11/2022,71.97
03/11/2022,103.01
04/11/2022,178.54
05/11/2022,132.29
06/11/2022,51.09
07/11/2022,76.1
08/11/2022,95.15
09/11/2022,126.72
10/11/2022,137.25
11/11/2022,125.38
12/11/2022,162.25
13/11/2022,144.88
14/11/2022,160.8
15/11/2022,177.29
16/11/2022,143.76
17/11/2022,99.9
18/11/2022,171.03
19/11/2022,198.62
20/11/2022,210.28
21/11/2022,253.82
22/11/2022,203.88
23/11/2022,177.98
24/11/2022,237.46
25/11/2022,257.93
26/11/2022,239.17
27/11/2022,146.65
28/11/2022,291.64
29/11/2022,371.64
30/11/2022,393.7
01/12/2022,394.36
02/12/2022,339.2
03/12/2022,281.92
04/12/2022,268.51
05/12/2022,341.26
06/12/2022,386.44
07/12/2022,324.83
08/12/2022,387.53
09/12/2022,411.04
10/12/2022,354.64
11/12/2022,326.77
12/12/2022,433.93
13/12/2022,444.48
14/12/2022,443.88
15/12/2022,396.96
16/12/2022,411.31
17/12/2022,268.97
18/12/2022,189.76
19/12/2022,191.93
20/12/2022,185.82
21/12/2022,214.6
22/12/2022,192.64
23/12/2022,185.89
24/12/2022,111.87
25/12/2022,106.01
26/12/2022,40.53
27/12/2022,91.73
28/12/2022,45.9
29/12/2022,13.58
30/12/2022,14.63
31/12/2022,-0.79
01/01/2023,14.91
02/01/2023,123.82
03/01/2023,145.95
04/01/2023,58.94
05/01/2023,107.46
06/01/2023,117.47
07/01/2023,88.81
08/01/2023,68.94
09/01/2023,129.29
10/01/2023,123.13
11/01/2023,84.08
12/01/2023,70.74
13/01/2023,66.64
14/01/2023,29.34
15/01/2023,9.26
16/01/2023,128.75
17/01/2023,133.57
18/01/2023,143.76
19/01/2023,148.21
20/01/2023,180.66
21/01/2023,144.39
22/01/2023,151.15
23/01/2023,202.73
24/01/2023,202.69
25/01/2023,181.74
26/01/2023,167.67
27/01/2023,168.76
28/01/2023,144.7
29/01/2023,123.59
30/01/2023,74.21
31/01/2023,117.32
01/02/2023,93.08
02/02/2023,136.15
03/02/2023,102.61
04/02/2023,146.01
05/02/2023,131.37
06/02/2023,172.96
07/02/2023,172.92
08/02/2023,152.1
09/02/2023,132.54
10/02/2023,125.92
11/02/2023,106.27
12/02/2023,136.31
13/02/2023,163.5
14/02/2023,154.49
15/02/2023,143.52
16/02/2023,136.73
17/02/2023,81.15
18/02/2023,94.67
19/02/2023,114.05
20/02/2023,61.42
21/02/2023,122.45
22/02/2023,148.65
23/02/2023,146.12
24/02/2023,118.3
25/02/2023,89.29
26/02/2023,109.82
27/02/2023,152.27
28/02/2023,148.05
01/03/2023,142.97
02/03/2023,144.31
03/03/2023,136.76
04/03/2023,107.47
05/03/2023,121.79
06/03/2023,150.67
07/03/2023,106.87
08/03/2023,138.89
09/03/2023,127.2
10/03/2023,115.61
11/03/2023,98.61
12/03/2023,95.53
13/03/2023,37.14
14/03/2023,71.48
15/03/2023,127.72
16/03/2023,105.57
17/03/2023,92.35
18/03/2023,109.34
19/03/2023,111.99
20/03/2023,125.17
21/03/2023,115.05
22/03/2023,80.18
23/03/2023,74.71
24/03/2023,53.12
25/03/2023,14.67
26/03/2023,67.69
27/03/2023,92.32
28/03/2023,113.15
29/03/2023,116.54
30/03/2023,81.44
31/03/2023,97.59
01/04/2023,55.77
02/04/2023,67.33
03/04/2023,114.8
04/04/2023,132.07
05/04/2023,140.97
06/04/2023,124.28
07/04/2023,108.63
08/04/2023,116.89
09/04/2023,105.05
10/04/2023,39.97
11/04/2023,59.99
12/04/2023,107.69
13/04/2023,108.41
14/04/2023,128.8
15/04/2023,106.8
16/04/2023,110.1
17/04/2023,124.24
18/04/2023,108.23
19/04/2023,87.52
20/04/2023,111.71
21/04/2023,89.48
22/04/2023,84.47
23/04/2023,85.8
24/04/2023,104.6
25/04/2023,101
26/04/2023,110.72
27/04/2023,112.09
28/04/2023,106
29/04/2023,100.65
30/04/2023,68.29
01/05/2023,87.55
02/05/2023,106.1
03/05/2023,107.8
04/05/2023,97.5
05/05/2023,96.05
06/05/2023,89.52
07/05/2023,66.98
08/05/2023,96.37
09/05/2023,94.64
10/05/2023,107.89
11/05/2023,116.14
12/05/2023,100.51
13/05/2023,78.35
14/05/2023,72
15/05/2023,113.84
16/05/2023,79.3
17/05/2023,78.58
18/05/2023,86.73
19/05/2023,87.28
20/05/2023,46.81
21/05/2023,28.46
22/05/2023,97.33
23/05/2023,72.79
24/05/2023,102.27
25/05/2023,81.65
26/05/2023,69.98
27/05/2023,62.67
28/05/2023,26.55
29/05/2023,21.45
30/05/2023,87.74
31/05/2023,72.32
01/06/2023,72.9
02/06/2023,81.02
03/06/2023,56.37
04/06/2023,49.67
05/06/2023,90.76
06/06/2023,98.14
07/06/2023,100.93
08/06/2023,84.52
09/06/2023,86.68
10/06/2023,55.13
11/06/2023,40.75
12/06/2023,96.4
13/06/2023,90.03
14/06/2023,102.94
15/06/2023,120.31
16/06/2023,127.52
17/06/2023,104.54
18/06/2023,93.02
19/06/2023,116.97
20/06/2023,121.15
21/06/2023,123.47
22/06/2023,125.71
23/06/2023,106.41
24/06/2023,81.82
25/06/2023,75.48
26/06/2023,97.49
27/06/2023,101.95
28/06/2023,112.52
29/06/2023,118.08
30/06/2023,110.03
01/07/2023,66.41
02/07/2023,-53.87
03/07/2023,53.22
04/07/2023,85.12
05/07/2023,69.8
06/07/2023,107.2
07/07/2023,102.97
08/07/2023,82.19
09/07/2023,89.33
10/07/2023,113.99
11/07/2023,105.96
12/07/2023,87.51
13/07/2023,97.71
14/07/2023,96.97
15/07/2023,33.32
16/07/2023,14.53
17/07/2023,81.92
18/07/2023,106.46
19/07/2023,97.32
20/07/2023,96.51
21/07/2023,104.4
22/07/2023,76.73
23/07/2023,30.92
24/07/2023,90.53
25/07/2023,104.15
26/07/2023,95.24
27/07/2023,93.91
28/07/2023,95.92
29/07/2023,76.68
30/07/2023,31.75
31/07/2023,70.97
01/08/2023,79.43
02/08/2023,68.29
03/08/2023,45.41
04/08/2023,98.59
05/08/2023,90.31
06/08/2023,57.91
07/08/2023,19.44
08/08/2023,12.06
09/08/2023,88.35
10/08/2023,102.17
11/08/2023,100.44
12/08/2023,80.14
13/08/2023,65.21
14/08/2023,103.37
15/08/2023,93.56
16/08/2023,110.81
17/08/2023,111.36
18/08/2023,108.99
19/08/2023,84.79
20/08/2023,90.12
21/08/2023,121.11
22/08/2023,123.15
23/08/2023,146.55
24/08/2023,146.95
25/08/2023,116.26
26/08/2023,96.52
27/08/2023,101.9
28/08/2023,118.67
29/08/2023,122.9
30/08/2023,114.93
31/08/2023,104.3
01/09/2023,108.57
02/09/2023,95.13
03/09/2023,82.65
04/09/2023,108.45
05/09/2023,103.54
06/09/2023,105.62
07/09/2023,100.99
08/09/2023,108.23
09/09/2023,91.51
10/09/2023,85.3
11/09/2023,152.87
12/09/2023,131.45
13/09/2023,109.94
14/09/2023,120.47
15/09/2023,108.19
16/09/2023,95.2
17/09/2023,87.62
18/09/2023,95.3
19/09/2023,37.52
20/09/2023,49.46
21/09/2023,103.06
22/09/2023,103.98
23/09/2023,99.52
24/09/2023,68.82
25/09/2023,105.8
26/09/2023,128.77
27/09/2023,124.48
28/09/2023,112.52
29/09/2023,105.27
30/09/2023,91.5
01/10/2023,74.04
02/10/2023,118.15
03/10/2023,22.96
04/10/2023,69.49
05/10/2023,101.61
06/10/2023,71.6
07/10/2023,44.95
08/10/2023,90.64
09/10/2023,116.01
10/10/2023,112.39
11/10/2023,59.8
12/10/2023,122.71
13/10/2023,68.41
14/10/2023,26.53
15/10/2023,39.62
16/10/2023,133.7
17/10/2023,130.12
18/10/2023,98.44
19/10/2023,93.41
20/10/2023,87.24
21/10/2023,54.32
22/10/2023,63.95
23/10/2023,125.02
24/10/2023,117.99
25/10/2023,124.31
26/10/2023,121.35
27/10/2023,118.35
28/10/2023,83.37
29/10/2023,23.99
30/10/2023,92.89
31/10/2023,104.95
01/11/2023,62.89
02/11/2023,59.77
03/11/2023,56.57
04/11/2023,24.82
05/11/2023,29.91
06/11/2023,72.04
07/11/2023,99.75
08/11/2023,89.72
09/11/2023,97.22
10/11/2023,94.05
11/11/2023,96.79
12/11/2023,97.99
13/11/2023,94.89
14/11/2023,65.51
15/11/2023,102.41
16/11/2023,117.63
17/11/2023,121.34
18/11/2023,91.4
19/11/2023,38.2
20/11/2023,106.08
21/11/2023,123.3
22/11/2023,109.69
23/11/2023,61.64
24/11/2023,63.87
25/11/2023,94.6
26/11/2023,116.35
27/11/2023,114.51
28/11/2023,121.94
29/11/2023,140.02
30/11/2023,168.76
01/12/2023,156.4
02/12/2023,116.41
03/12/2023,104.72
04/12/2023,111.76
05/12/2023,114.39
06/12/2023,129.54
07/12/2023,116.6
08/12/2023,103.68
09/12/2023,78.41
10/12/2023,55.87
11/12/2023,79.05
12/12/2023,106.06
13/12/2023,93.04
14/12/2023,107.12
15/12/2023,93.24
16/12/2023,70.7
17/12/2023,50.72
18/12/2023,77.97
19/12/2023,76.29
20/12/2023,62.01
21/12/2023,25.28
22/12/2023,22.66
23/12/2023,30.74
24/12/2023,-3.37
25/12/2023,0.41
26/12/2023,16.62
27/12/2023,60.8
28/12/2023,16.67
29/12/2023,6.36
30/12/2023,34.06
31/12/2023,9.9
01/01/2024,16.18
02/01/2024,53.07
03/01/2024,45.22
04/01/2024,85.41
05/01/2024,91.37
06/01/2024,88.72
07/01/2024,86.33
08/01/2024,102.23
09/01/2024,109.39
10/01/2024,111.84
11/01/2024,109.65
12/01/2024,106.04
13/01/2024,74.57
14/01/2024,76.15
15/01/2024,86.5
16/01/2024,101.14
17/01/2024,99.61
18/01/2024,92.74
19/01/2024,78.51
20/01/2024,73.66
21/01/2024,50.26
22/01/2024,49.84
23/01/2024,52.28
24/01/2024,33.12
25/01/2024,78.02
26/01/2024,59.23
27/01/2024,68.35
28/01/2024,59.28
29/01/2024,81.03
30/01/2024,77.97
31/01/2024,76
01/02/2024,72.04
02/02/2024,61.66
03/02/2024,35.97
04/02/2024,14.78
05/02/2024,35.84
06/02/2024,45.29
07/02/2024,79.16
08/02/2024,88.7
09/02/2024,70.52
10/02/2024,72.13
11/02/2024,61.96
12/02/2024,74.75
13/02/2024,72.23
14/02/2024,68.16
15/02/2024,70.5
16/02/2024,61.06
17/02/2024,66.65
18/02/2024,53.18
19/02/2024,65.29
20/02/2024,63.22
21/02/2024,57.57
22/02/2024,50.92
23/02/2024,43.74
24/02/2024,57.2
25/02/2024,61.09
26/02/2024,66.27
27/02/2024,73.84
28/02/2024,71.82
29/02/2024,63.2
01/03/2024,71.01
02/03/2024,64.22
03/03/2024,60.47
04/03/2024,75.89
05/03/2024,74.6
06/03/2024,82.84
07/03/2024,76.32
08/03/2024,62.33
09/03/2024,45.61
10/03/2024,34
11/03/2024,71.67
12/03/2024,86.47
13/03/2024,72.46
14/03/2024,67.06
15/03/2024,55.9
16/03/2024,50.36
17/03/2024,61.81
18/03/2024,81.25
19/03/2024,81.57
20/03/2024,91.34
21/03/2024,81.39
22/03/2024,68.54
23/03/2024,37.58
24/03/2024,25.87
25/03/2024,84.56
26/03/2024,66.14
27/03/2024,76.3
28/03/2024,51.35
29/03/2024,37.76
30/03/2024,53.25
31/03/2024,55.59
01/04/2024,35.88
02/04/2024,33.35
03/04/2024,87.37
04/04/2024,64.53
05/04/2024,46.59
06/04/2024,29.74
07/04/2024,20.76
08/04/2024,84.87
09/04/2024,57.99
10/04/2024,69.91
11/04/2024,58.81
12/04/2024,60.95
13/04/2024,13.82
14/04/2024,16.75
15/04/2024,70.19
16/04/2024,56.26
17/04/2024,102.01
18/04/2024,95.82
19/04/2024,58.82
20/04/2024,58.24
21/04/2024,55.15
22/04/2024,98.53
23/04/2024,97.76
24/04/2024,94.3
25/04/2024,90.63
26/04/2024,86.44
27/04/2024,62.17
28/04/2024,12.99
29/04/2024,80.8
30/04/2024,69.38
01/05/2024,4.39
02/05/2024,36.42
03/05/2024,77.81
04/05/2024,75.15
05/05/2024,54.16
06/05/2024,93.18
07/05/2024,93.04
08/05/2024,91.82
09/05/2024,61.86
10/05/2024,75.99
11/05/2024,53.65
12/05/2024,1.78
13/05/2024,46.41
14/05/2024,27.68
15/05/2024,42.93
16/05/2024,49.56
17/05/2024,69.01
18/05/2024,55.8
19/05/2024,52.5
20/05/2024,64.98
21/05/2024,79.81
22/05/2024,85.84
23/05/2024,93.87
24/05/2024,102.19
25/05/2024,72.26
26/05/2024,57.93
27/05/2024,106.88
28/05/2024,90.75
29/05/2024,79.18
30/05/2024,97.45
31/05/2024,89.22
01/06/2024,58.95
02/06/2024,23.24
03/06/2024,117.14
04/06/2024,107.23
05/06/2024,81.72
06/06/2024,86.37
07/06/2024,83.15
08/06/2024,45.97
09/06/2024,27.26
10/06/2024,92.65
11/06/2024,61.63
12/06/2024,91.19
13/06/2024,94.78
14/06/2024,78.4
15/06/2024,7.64
16/06/2024,21.4
17/06/2024,94.34
18/06/2024,96.2
19/06/2024,84.31
20/06/2024,93.8
21/06/2024,97.14
22/06/2024,52.22
23/06/2024,50.05
24/06/2024,92.09
25/06/2024,75.6
26/06/2024,492.04
27/06/2024,91.79
28/06/2024,63.05
29/06/2024,70.55
30/06/2024,43.77
01/07/2024,91.89
02/07/2024,85.68
03/07/2024,87.62
04/07/2024,28.1
05/07/2024,36.99
06/07/2024,7.36
07/07/2024,21.65
08/07/2024,88.42
09/07/2024,77.69
10/07/2024,79.01
11/07/2024,91.27
12/07/2024,90.6
13/07/2024,28.69
14/07/2024,24.38
15/07/2024,77.67
16/07/2024,50.3
17/07/2024,76.38
18/07/2024,90.74
19/07/2024,85.9
20/07/2024,61.99
21/07/2024,54.33
22/07/2024,91.23
23/07/2024,79.51
24/07/2024,65.86
25/07/2024,79.28
26/07/2024,90.95
27/07/2024,80.83
28/07/2024,46.02
29/07/2024,71.62
30/07/2024,77.24
31/07/2024,79.4
01/08/2024,94.87
02/08/2024,93.81
03/08/2024,75.29
04/08/2024,62.09
05/08/2024,99.86
06/08/2024,86.98
07/08/2024,92.91
08/08/2024,93.15
09/08/2024,53.32
10/08/2024,49.85
11/08/2024,54.72
12/08/2024,92.06
13/08/2024,99.74
14/08/2024,108.01
15/08/2024,85.53
16/08/2024,108.04
17/08/2024,93.24
18/08/2024,88.24
19/08/2024,108.2
20/08/2024,92.11
21/08/2024,52.62
22/08/2024,63.04
23/08/2024,39.13
24/08/2024,49.81
25/08/2024,21.86
26/08/2024,99.59
27/08/2024,90.9
28/08/2024,95.92
29/08/2024,112.91
30/08/2024,106.64
31/08/2024,79.05
01/09/2024,61.65
02/09/2024,115.07
03/09/2024,158.39
04/09/2024,125.84
05/09/2024,64.42
06/09/2024,76.13
07/09/2024,79.42
08/09/2024,69
09/09/2024,99.73
10/09/2024,59.04
11/09/2024,80.94
12/09/2024,112.34
13/09/2024,90.81
14/09/2024,53.83
15/09/2024,62.13
16/09/2024,97.47
17/09/2024,88.89
18/09/2024,77.98
19/09/2024,77.87
20/09/2024,73.37
21/09/2024,70.02
22/09/2024,76.18
23/09/2024,121.36
24/09/2024,91.77
25/09/2024,75.14
26/09/2024,55
27/09/2024,14.76
28/09/2024,29.07
29/09/2024,58.35
30/09/2024,33.32
01/10/2024,67.84
02/10/2024,95.86
03/10/2024,72.66
04/10/2024,96.13
05/10/2024,85.93
06/10/2024,54.9
07/10/2024,83.72
08/10/2024,91.32
09/10/2024,83.07
10/10/2024,59.73
11/10/2024,95.2
12/10/2024,56.37
13/10/2024,8.11
14/10/2024,105.59
15/10/2024,95
16/10/2024,35.08
17/10/2024,71.52
18/10/2024,102.27
19/10/2024,85.52
20/10/2024,35.51
21/10/2024,83.04
22/10/2024,103.01
23/10/2024,112
24/10/2024,101.68
25/10/2024,112.72
26/10/2024,101.72
27/10/2024,90.75
28/10/2024,111.35
29/10/2024,141.18
30/10/2024,124.69
31/10/2024,105.79
01/11/2024,75.06
02/11/2024,106.76
03/11/2024,93.43
04/11/2024,125.87
05/11/2024,164.79
06/11/2024,231.09
07/11/2024,159.62
08/11/2024,113.39
09/11/2024,114.47
10/11/2024,114.17
11/11/2024,121.77
12/11/2024,166.12
13/11/2024,150.09
14/11/2024,122.02
15/11/2024,124.17
16/11/2024,94.36
17/11/2024,63.48
18/11/2024,104.59
19/11/2024,123.99
20/11/2024,115.03
21/11/2024,123.32
22/11/2024,111.3
23/11/2024,76.02
24/11/2024,3.97
25/11/2024,55.01
26/11/2024,112.75
27/11/2024,119.99
28/11/2024,96.07
29/11/2024,130.25
30/11/2024,104.24
01/12/2024,94.59
02/12/2024,109.15
03/12/2024,144.07
04/12/2024,182.47
05/12/2024,106.2
06/12/2024,86.37
07/12/2024,71.51
08/12/2024,99.07
09/12/2024,99.59
10/12/2024,149.93
