,sim 0,sim 1,sim 2,sim 3,sim 4,sim 5,sim 6,sim 7,sim 8,sim 9,sim 10,sim 11,sim 12,sim 13,sim 14,sim 15,sim 16,sim 17,sim 18,sim 19,sim 20,sim 21,sim 22,sim 23,sim 24,sim 25,sim 26,sim 27,sim 28,sim 29,sim 30,sim 31,sim 32,sim 33,sim 34,sim 35,sim 36,sim 37,sim 38,sim 39,sim 40,sim 41,sim 42,sim 43,sim 44,sim 45,sim 46,sim 47,sim 48,sim 49,sim 50,sim 51,sim 52,sim 53,sim 54,sim 55,sim 56,sim 57,sim 58,sim 59,sim 60,sim 61,sim 62,sim 63,sim 64,sim 65,sim 66,sim 67,sim 68,sim 69,sim 70,sim 71,sim 72,sim 73,sim 74,sim 75,sim 76,sim 77,sim 78,sim 79,sim 80,sim 81,sim 82,sim 83,sim 84,sim 85,sim 86,sim 87,sim 88,sim 89,sim 90,sim 91,sim 92,sim 93,sim 94,sim 95,sim 96,sim 97,sim 98,sim 99
2017-07-01,0.7669797842468877,1.0244372630204353,1.9270712066729554,0.3996744555316861,6.683096299647736,1.3051651366038242,0.605870883934592,2.155408714119095,0.6301866555597909,1.3577105292916225,15.24659089129503,0.458971437266215,0.5034874585228489,0.8803091335652786,5.341726293511774,3.381319148585073,4.133496905270876,0.3962677160321144,1.4052410500510655,3.087391424164992,0.6119216909182194,2.1202363682056147,4.82107780043657,6.03165799945185,1.6492819879949219,21.349155651274366,1.2801647442203516,0.489081616763811,1.5087399779168003,2.7489010670907934,13.412421558781057,15.610680593221575,0.9050246969174717,2.54131319211423,3.530789836283028,0.7888361135329109,8.249474511862616,3.4374694652955724,1.7899906583824337,1.8841480373330086,12.586070930083794,0.6603254776815619,2.739192288164091,0.434144040691381,7.06877034627298,5.999018698675301,8.502290142973088,6.697171735525525,1.665852015660998,0.34354576299410944,16.931093717806654,0.665178276106804,1.6127904050224016,0.7435423146829316,19.781794190539987,2.112009978958427,0.5733835855690345,0.831208986046948,0.6377297971198829,0.34534539911104284,3.3110636478069395,0.5413340199437237,0.7185659833387569,0.3223481373836014,18.554320259205994,2.6433477893936397,1.402345984509634,1.9219040981833113,3.1944421340290963,0.547783313596043,5.5518712466913795,1.0693946782046606,0.21474026876739175,2.7494247355479904,9.947775560476815,1.0694463766394346,14.242975425027101,2.270733669954778,17.06658181886422,1.5334453062127282,13.890071762402517,0.8745416467596229,1.228524886173873,4.9921750016217254,1.5574540241984096,0.35074601912795095,10.597422117160818,6.704311399918884,0.553560253715956,0.8867157481175602,2.11916930807143,15.628388486393144,1.2737275010908804,5.636133866777339,3.026216360289622,4.298437724042999,0.3218874915838175,1.1426123720403358,6.738582698095813,2.706984583835803
2017-07-02,5.632876757244158,6.37878042424377,1.058584730035433,0.613320565352301,0.4168998830646294,0.46516929641939836,1.1398627220599002,1.4445614265096163,0.5293227146045394,0.5091720081389212,0.9544857166937032,12.47305498309874,0.8269168505103355,5.593099103967492,1.6356756491153221,12.8280627267288,0.37817278134732507,0.7601080642118043,0.8361866430653879,0.42922972187287206,4.8954189656150255,0.548551209213787,0.8532752429160376,0.5168191581765962,1.6963601022370283,7.994602103868264,6.360061728156972,1.1831942678009895,6.069962788429522,0.8136537460498618,0.6056560679661099,1.543681059225642,1.0666614251599467,3.67034238283213,1.5140066654216453,1.3784720573788238,11.418474703182213,7.7486275175915775,13.476654964406022,0.3306015624359394,5.426333800945194,4.358008553884185,1.8558112114866663,0.6753344052129744,2.848214790883945,8.410502335105287,1.64369324160052,0.7101841185609631,1.752302385666342,1.2032945774075707,7.6873774846975245,13.184529125807499,0.601453272074915,1.1432810308054453,0.5983562659940463,1.4704841578873489,0.3575268307545398,0.6944309027951451,7.9762881977700735,18.738095286742784,0.6215121475726733,0.7508886622641205,0.7014304306688557,3.0506819444520143,0.3879826875242125,10.874589065475535,1.3524001708625166,5.531627436267344,5.780391900332588,0.4622336417584522,1.305452213196841,4.057574965770045,3.0830022021387995,0.7670548738144628,0.8434494188350677,0.4290875849865176,4.285912958446181,1.1947767865353227,0.8247280628055303,15.5421498425366,4.803691596530578,0.370698181974045,26.938057129974514,2.4879744227382368,0.39164463958847917,4.831617739554613,0.9345749397888763,0.5184977594036125,2.6319365118176625,0.5133535046525547,8.393883275294948,0.4641502078824514,1.0828802599968337,0.3908755948359975,5.812212452996964,1.1991159261500877,0.4637795734954325,5.301099804818696,0.38621956036159655,1.130897831541755
2017-07-03,1.9097156418188013,0.9567113764259039,6.424435768854023,1.956930612298877,8.113144144066677,1.5652362656264973,21.18073450559914,4.5118334643747815,0.7388306804759738,3.4400874767651852,5.769172570251154,22.498004329263143,0.40720507750368107,1.4334785529723018,7.133173291112405,1.2877784571130795,0.696457658748195,0.8520946401475581,3.829894078050132,0.4897361236690892,0.555070459374856,0.36119083808489993,1.043713650780097,4.23754668963048,1.1673671064039568,1.6172056872106713,0.792662864739656,14.72427241269089,2.6173237047482685,0.509000189601144,0.30137474734256703,4.627348628020174,0.3831746927562196,1.438961308585266,1.116815120505065,9.138772497264624,0.4436463857876836,0.5465141687025501,0.516338714256464,2.1253222278494412,0.28731896585959144,10.172139589031325,8.910553239438658,0.7897362045699939,3.206373809851497,3.4134679574235087,0.6163857408772887,0.5753151962692917,0.4280199318857663,0.38285353867855637,3.6976406292405333,0.3485448061372057,6.0890556240373765,0.9594236028928544,0.4797031324066027,9.44834081999556,2.1215842001231886,2.4273501135895295,1.2308666006347384,2.4220874396893644,0.6970278082378111,0.6730903645018161,1.6038699884486918,0.4362007821482199,0.7192759870970239,1.7288651823739116,1.5381803397575553,0.4075067333939344,0.5631451771464765,0.9894349134474865,22.764991595952193,8.714984640300445,0.36742316167539174,1.7920220816533934,6.279783671980346,1.1811341046535901,1.2169075158222065,0.40853733374074447,0.7344802104547417,17.74340033914105,1.8733451071075153,2.154640457556766,0.5886589791003297,9.669543949737323,2.7132357397396913,1.5394138431734565,23.236779230839662,0.6968414398463243,6.221665777289609,0.7914516377873732,1.500010091303238,0.7830580215073671,11.121325445115575,6.969567156143774,0.4435403553133117,9.509865556702387,0.6144577539237692,2.425354111887082,1.8315300243544341,0.3740567602456399
2017-07-04,1.26550636838006,9.547081964667912,2.6831967602533418,5.395204974981817,0.9067121903830622,12.690192605382235,37.1360510156727,7.95863999141922,0.7059030599631096,3.7485355468915724,10.006870001965478,4.008154037586013,0.7498421663368384,2.900997196820059,1.0466461438152315,0.6990246936129374,14.516168149380974,0.19144162752433952,0.6170342140238101,9.845161775394397,0.5636591549923059,46.555217026338546,4.790693746016735,4.995731082480682,17.00122228439188,0.5913345934239784,9.064405080966342,2.1547633842345286,5.750857902413805,8.679384843706464,1.500935399160882,1.2320843892946978,1.8961427164530864,0.830145852683677,17.04189107563222,3.2752077265326713,1.7352119541741766,15.135202488875953,1.1557112473770157,12.399177184100775,0.5887233281045055,13.512605923481534,2.2663886240084223,1.4847321264358366,21.652836214680512,4.118077077012167,2.0523558192322264,1.2814471371829206,1.2069592006687953,1.9541923392463674,2.889136808062807,1.0320878736871164,0.9816736040479355,8.414656087637487,1.109760462136995,1.0807549362280262,0.5725254659432286,0.7923141904459329,12.907041034712702,1.5334553385327656,0.47926426552143364,0.6663292128829671,11.471702519802397,4.885676370950231,1.8111653797114386,0.4092273661031008,3.9451186259123636,13.314077043856418,2.072203962255816,16.05190978577456,3.0443674720248155,10.270781570145177,0.3833728674781938,0.988944336779567,0.4937137404174651,1.3913655568649737,12.556340560961859,0.8856819384292997,1.4829392586421635,13.028538237544714,1.0952592477457668,4.09959940646147,0.41985469246044577,1.67656435084376,6.335117485053104,7.986431068581291,2.006185696381898,0.591790803552171,8.422420051170214,11.671687463733601,0.5572177845683226,0.43170424313887434,0.480527651014158,0.42358725821548177,14.323343596813283,5.083135673551651,1.3501570931155686,1.3154403088683853,0.46355967827490774,2.795236742171892
2017-07-05,0.5487963829666134,0.684201750894567,0.3894353768177023,1.1664294064201506,1.4391987138901134,1.795188259014155,3.9935112899787426,0.610281555367257,0.3958204276777731,6.906853820151071,1.7528541707405698,8.17905492153455,1.6152947216830364,0.3131194576232072,11.690305106417902,1.9615995398040236,6.888852316168337,1.0719068653573214,0.43445321730876335,1.4342973831721308,0.8429186734670581,0.9017066255859426,0.4948024458303739,16.023281467875623,1.7849914696934521,1.5354673732158832,1.6950373565245378,2.2599959034782917,18.77797118923129,0.733746287918835,0.25177525232822867,2.217937856739673,0.3228619881063255,3.2407453895964493,1.4678660200695528,1.882605660447437,0.40904564723434,5.41233771595218,0.7308014112702643,1.87860847133455,1.3521293205222018,0.8311547904643262,0.273131755961021,0.239169239700385,17.31027971672769,0.7294029155249824,19.78743437852775,1.0214550894548846,0.904157023438512,0.4702767540182564,7.4306450792127405,0.9718177592067373,1.4182088628674174,4.829292392982689,0.604786760725123,1.2308554630032138,1.9045940321079389,0.4754810877827808,12.103360485194239,1.9043675105562496,0.4560158099513683,5.8940337089475445,0.43354216330042905,0.43815645655609303,7.637487933501665,4.04965343663236,5.6991561763048315,1.318899170580009,3.6943424298537746,1.6338043619750695,10.478202489119274,0.796869478011926,6.707734291982376,22.742789182610508,5.18412883331767,1.8893136388544653,4.813544730835706,0.9360325515380409,3.0648706833120833,0.4898783033569228,9.864146966566741,5.630682651105145,4.30664594042433,0.5623765439907302,4.049700602017948,0.5408297349140747,4.14786818999351,0.5685046880148488,2.637725872891578,3.8656352026382734,5.90903309993571,9.629615610585068,0.4775074530066508,3.4415733959840775,0.7556764415911058,9.003818767176245,5.191829026593676,0.2594593086953755,1.8317945096046386,18.543038869219707
2017-07-06,2.077754889895089,18.27625136463058,3.944567289808431,11.386758493349541,1.7988752468862204,23.18790961600378,13.584108767295865,1.080902872307935,1.029928556632113,1.0167134071890127,0.5190938902695882,10.287485751791506,9.84627391568103,1.2383750084695506,0.9237610609636917,7.208417454527027,8.76763960466221,0.4325531820092862,0.6257089288619228,0.39317104512490514,0.34929536204147965,2.7899228149916153,11.312008996389517,0.6120442739729435,5.0360911764730405,1.9367697672120971,11.286773370395016,1.004459044475347,14.00015729548137,0.41947385837354895,7.722235725134295,0.5226188673438418,2.1308521736959563,5.50380494542341,6.93122930652919,0.31902610771876383,2.6507796564076767,16.252000571576513,2.395001027475222,0.40871633202923535,4.961471332896542,11.169447956178058,13.824937943815423,1.9802659181017055,26.2095714201493,1.3485567721673866,2.260072227173664,1.4542681728269558,0.28412510214197495,3.3128691115980353,0.37797167854461283,3.1186042162897136,4.73822170795604,10.685454841042944,12.104681657093215,0.7290062942476292,1.2635170548124346,6.837416546475807,0.6081448201180255,0.9918991108031647,9.778852735424,18.09418216425249,0.891001325374196,1.1460220235129994,1.1463491395690026,0.605812825619926,11.653254269885648,0.9855699856213485,0.7412731257512141,1.2931734716447039,7.662952446567184,1.583773105172828,1.1294663125863766,1.3629623569435612,0.6072690161748491,1.31059074341553,0.6128847162299695,1.0036883682407647,8.321466524598831,6.971000021600301,3.135487437554759,2.3054910156692143,1.8588236943599104,0.6866377598129794,1.8235855928863536,1.245560535236863,0.8506270677226224,0.4257027343630139,3.619877931397099,14.515585250943206,0.4483009491765847,0.5960796884149373,3.4189883229725337,5.9506078560494435,1.903375438650225,0.9884098171054193,1.4294543178711312,0.8275101707191306,11.796391708262929,0.3558051008621415
2017-07-07,11.364850130647314,0.6040825052691904,0.5516944162621615,0.8533517504706852,2.934985919730269,1.5272420551496386,2.164807804608916,5.0607769413417545,5.778540637285653,0.39508452072928296,0.3259454645141298,12.623082829539118,0.866924569736238,0.5414687784705577,0.35424313603502516,0.49898629970082076,0.7878504636161966,16.97380267435615,0.8196291685614017,3.7902319359717427,0.32780164776988063,3.5510333433137196,9.315297082397178,7.79214054063385,24.278399052924048,0.8475921594157284,0.23971530011108383,0.5656329396779011,7.2032095406420416,0.47025433952515333,1.5401117160327666,2.139018285320056,0.2695988902448555,0.7391400325402232,1.2987874688138856,4.421355472318364,0.6799454271665631,2.356540194372023,0.5653624038625243,0.3294042008800708,0.33336572083201876,1.7372644157094541,0.48953279166212205,1.115789418903738,2.108411642596383,0.6463900202434468,4.05174527382011,7.136935526018509,2.869689621190705,1.5863674813359092,0.6173406376214811,0.931963026020672,12.01359546678648,0.46053497458311216,0.7122766535739775,0.8272247923431126,2.831934179941567,0.703418315302739,0.8198227553202944,7.793134796530285,11.674096309960422,1.1388116682273193,13.180796889485526,6.216688696864384,0.8007657593948208,2.8536207720559092,3.0495753147163436,12.692137360382402,1.1272734651375313,8.093321856777125,19.394827356726868,0.7906809889863294,1.2886545572447143,0.9649761439941018,6.651188484488391,16.862739754846935,0.8939641539972933,0.6136710590098117,1.4115478616305095,1.5837088023616173,0.7639652035265201,8.561905209719225,1.2405690953498687,0.42262095522042337,1.4133622589789194,0.9976046044206363,1.3402669783402859,2.480585657132711,0.577240819460356,21.0092727952927,0.6858062648905007,6.733950256333377,1.0765838775795957,0.43748035930810797,0.8046593385534148,8.563082906268276,0.5505400065106285,10.819814156779202,7.986670113125233,5.818704287938839
2017-07-08,0.6923652863691963,0.574896756242657,16.202519580358352,3.028545715324445,15.684238978610267,3.5171592649024026,3.6585346504455085,0.9338922233658298,2.4732879332572737,0.8611920296861648,9.503929332106155,5.09729668659964,12.56272507904826,2.137296131378022,0.89912395271682,1.661018021171732,0.5786468784027773,1.4389881626439494,0.6355119162540198,0.544541925965877,2.45934565953702,8.373285126605666,13.783605729302577,1.3675604507668164,1.146809664181911,11.952416781948777,4.408035981462672,0.8064427915557172,1.3754090105374255,1.229355686494524,2.2635928820622557,2.6361916998973887,23.73389256120958,1.0336384288347868,2.3912517226586845,1.5454606251055782,5.1949315291941724,1.3795645370907443,3.07193855181054,0.4672592336008356,1.1599502059747715,5.135672984967745,1.915374597867606,1.308319845800859,0.6359469951582465,2.331718605933927,6.731557575197541,0.9564043767609455,5.2597984507279,0.8737695356720067,0.8368115653635022,0.5564062511612619,11.254479024604185,14.961934512232597,1.620870032137322,0.49143411291671735,1.1385288105307056,1.7502836405636282,0.4471223123548768,3.201129119674357,8.588805340945818,1.9200244281724304,2.216184170876899,0.8296407593260112,0.5084155053269028,0.6875692346285318,1.8102433550224972,7.119784530796887,1.006850023158896,2.7557083568897105,0.500798445944079,0.6639205131602791,1.0379450288971008,14.25286697634802,0.3671741469789568,0.7102681862943686,0.8186048278101048,0.5740141941791874,1.1827601031501958,4.315350493584393,0.2104912220548112,2.7055227992717983,9.702071895995196,10.054534567749283,0.9986787224713588,1.1037899816746786,4.708915865377862,0.7474640050259723,10.886507140687403,0.5012774291978579,2.1623638160191576,12.497497276505642,13.720099600373565,11.402050922230782,0.869330272114863,0.652241499210205,6.940370828750842,10.53127931158186,2.3063973307283256,8.366050502274502
2017-07-09,0.39718004982440946,7.813657356920988,10.031561177812735,0.8287977830356372,0.36385860633744577,1.429763604149957,8.807067310511536,0.7240487175774565,0.31601451331180913,10.274828004827746,4.279029764076044,0.44697970950803545,0.4822530512725136,8.663562301788918,1.1404014978875714,3.1155380919805107,1.775577876887556,0.745967134001061,14.782878550554251,2.945809907032347,0.32370203139778997,14.654202113798187,2.1923812483081107,6.353953757721093,5.656706956692005,4.056831072469823,11.007629759632444,15.992835935614405,0.48160126259602537,1.040561378781531,0.5187776321747647,0.5658298684313873,1.7183451455415082,0.3328812095957237,0.7925364649344021,2.0105458536516223,17.202376825794385,5.412757588898477,2.3352664122912143,5.037054147919262,0.7561300380350614,0.2826269085683146,1.6762775524881788,2.050855137105794,0.4436436058154719,4.24345443555291,1.4827307039254618,0.904591135467022,0.3401247053420552,0.28921321909502073,0.38136754256109767,0.4488868681155087,1.2582719701828933,14.463675786539225,9.08887253626951,12.584719495347079,1.4662733079685066,1.3440657194460135,0.7489370327485191,0.2154232765176672,0.5320001325658862,0.5224224572495212,0.9699990223143936,1.1534225286027007,1.2782571101065119,9.789535249523219,1.3924236913250811,14.946939073544074,4.665639270702705,1.2599776242093026,0.92686297973616,3.2540914140398987,1.2446091884752417,0.27320579528280575,0.7002194058427172,1.0488930938504637,6.227028634824955,1.0760417298303018,10.775213562974363,5.330008836960121,1.0788541576860295,1.3850892406458324,0.7334864975237122,1.4104014761739394,0.47549141379101184,4.92874482690132,0.6853148424799139,3.589004289991508,0.27193189000193485,2.268099082973783,0.5449988986074138,0.5595507088086608,0.8619456062879949,3.086391083612702,0.43094931968577993,1.5937511267729993,0.9956544575204679,12.684600948644709,2.173428202885041,0.30159452720980595
2017-07-10,1.4845988082524364,19.645484700809952,1.9151743959354635,8.237243573287412,0.5196345706160175,0.17046038379883613,1.6503437438287842,0.664272770446525,4.397285361315638,8.064754669969188,6.8056964155629425,0.5668677005109972,1.0394406629027464,0.42961749960203344,11.106289748214216,0.7255808436510781,4.602933361596287,6.816889555948792,0.8310985340658995,21.438830476458282,0.5269618631360377,9.087864771104032,0.4469493474278256,0.32208953384058403,0.8044202065851969,0.715293024573409,1.8745234318884838,1.9003101197532697,5.618649973676779,0.9338130242920896,0.5795029574919832,3.5265159933887777,8.467023753228634,1.2815074932494754,0.8988817756196468,0.3355361186956776,29.064434900392573,1.172376183388295,1.5848600164097486,5.033645684456443,0.7445358618916426,0.4452155990560577,2.2368143771689843,2.378932329912653,8.873967458042701,0.6086047935705919,0.6213639767641412,0.43437229236329705,0.35147845042548914,0.4371618505127226,0.6715181663610367,2.0191121920803132,0.4651958497710627,0.8618618724887431,1.1164248389995088,3.796051550187764,2.2010711859210357,0.308989202297712,0.6776420585889924,0.46675736344167784,0.4037677094868516,1.486855779967383,3.4718724084533035,2.3475255939177497,1.092013979744567,0.46296766895812486,20.000829035119615,0.2249495753845902,1.0233080517024276,0.5237190450558594,0.900108103984081,9.591835502223695,8.6312384638135,2.474036150725597,0.8010795738004604,0.8860029974352639,0.525985550764694,1.8954357495695378,0.5081871548322903,9.467142198035935,1.935310420941796,0.34462676952260185,2.562906199464469,9.917990622016834,0.5171351570911087,17.59005554879588,0.7824432632089569,1.0365825433698648,3.099356510388241,5.25048650533451,0.587719121916546,0.9787196425076152,3.9432354575376762,4.967514055231036,0.4859342919610954,0.6729649494417245,17.005923354067814,0.3610679026682205,1.3159206663730165,16.346703886898098
2017-07-11,0.4325448399663753,0.34114962475106686,1.2470758829582234,0.6409877192177628,8.950964540202115,0.6093462234170038,1.3581671309805112,0.6134218213613427,0.5723101240350366,1.3103121031909866,0.8513119511822743,1.20528932516447,0.8352823696537096,0.7269574235293601,1.2498046729156524,2.3174923317154095,0.21654633749509505,0.31186671488547396,5.688025862576209,0.7166152788857109,17.78857176979395,7.483040538006432,1.0596217786243047,1.462410254038162,5.783759349171296,5.637712335342518,14.857858027176421,0.3137045635100783,10.09320909820601,0.16443252384147677,0.40304765026519224,1.6875892683390603,11.850757180958412,0.677746523707051,1.44893170272707,8.929749493503053,24.12092435650581,10.179747364294634,1.8043567508716183,4.4167740861817775,0.2582800823985367,1.5476464779364003,11.353982040529017,0.96696690502434,22.611396973741368,0.7799390167489907,1.0300546374589212,1.6362962861393335,3.0512386358114862,0.9947510556685019,2.755780072998159,13.42632841353906,1.3170216473763885,0.4228148470760688,4.996764430789212,0.9924010111068416,10.416488786237597,0.5901629975389422,10.666387376137777,1.1363819792689016,7.419450128036177,0.616958480676917,0.9607142294098748,3.729628469396331,0.5760825145567703,2.469436365763871,0.3773774060538784,5.829686580766982,2.169003574807623,17.507826864966365,0.29913106576962556,13.050086871603074,4.702075538279186,5.423344863896019,0.30021707727058855,0.5003935417586306,1.0266752455786639,0.7180317555426589,0.3361030990072845,17.729121449594533,1.3819900498973605,0.35757082607363216,0.3142712790565275,0.5153154337532274,14.758445013281642,7.744608786584267,5.930843255464803,3.9707145675710693,0.7898088868713624,1.9628165580149828,9.77613960928035,0.9604091254385049,0.5990856653380872,0.19870140973975906,0.334198786436758,17.01928352661896,1.6001872865834081,3.5319923029097695,0.9487011177244831,4.499472990395831
2017-07-12,3.7586399213332213,0.3020413216694675,0.6954598659917258,0.6874332376190492,1.8008598935439857,2.497338632107584,5.297250599948322,1.8191000495662635,12.76203821442588,10.212041916106216,1.9362504340531703,6.9886569023844585,1.1242134133027426,0.5100126847774281,1.0730713714529552,2.31838086380344,1.4577516277755835,4.207211374497655,2.8401671647256457,0.3929627109342352,8.038747415536236,2.044614407696427,0.6143642845606473,10.093192275184562,11.903070200870369,0.47860270257392273,0.7189046965538787,0.555163571148729,15.578529120026012,4.605925891909168,0.5377875357858957,7.452486704763356,0.2994249931777443,0.8321982050410659,6.18855804556832,1.164408028866217,0.24233881559504108,0.6724693956794875,0.7399863883758154,6.680773068424253,1.0545773601390633,0.3037212451495307,7.322417346114192,0.5750264047240695,1.0003580805913275,17.91303437774292,3.474728889706382,0.481564349565043,12.993607174161385,0.5133200716783308,1.0123869609672584,0.7044267056064191,7.565525629244251,1.2318412784197132,0.4481199717981864,1.6596931113099014,1.4029140189092566,11.733700319126815,13.962067988934578,0.44755502067907765,1.0527040113896766,0.2755432023028399,0.5373261568801206,0.5339606442967657,1.245831768071578,10.020667892373282,0.31672285955708784,2.4932786519223162,2.0492782476844567,0.5774397415150505,15.462008380132376,20.769370474940086,3.5549503706799817,0.9138276158294502,1.7217821620407547,9.972867760239689,0.5977399496570572,6.150716121515057,1.5550567345426385,2.739588746840668,0.7914122716604313,0.3358876684464161,0.6458662311461963,3.9145911187270115,0.5882210159395923,1.7861052031675242,1.829014262925009,3.4422524982484872,0.8570090374496732,1.3209677852032913,0.6947859844134278,0.5437121844732571,3.0105298864120913,2.1389363882497374,0.601322269228347,0.9186502402841165,14.127394348953086,0.3088093767714528,3.9657534439752378,1.4318397956382158
2017-07-13,0.5456095350934972,11.551169972351552,3.874323456499363,19.267505805336867,0.7925730197512385,8.552966523681775,4.925496215149366,2.246195100642515,5.129281122196679,0.4869609480917335,4.665842303214366,1.4763947819524574,1.071478887701155,0.7052593217417392,7.395740111545885,0.2707967854354525,0.31853144383629645,0.7651568946599473,0.8414114456524218,9.844366386170838,2.294961074866722,0.34646067163663796,0.3937726310315349,0.6104688543621261,2.1239747498397623,0.1673987188488834,1.8300183519304025,1.0703805317098156,1.367309934708983,2.2092163516572394,0.6028065109039166,10.803774923601532,1.1222901457491616,4.720539677724895,3.300165755863556,6.8905527695123965,1.1097232310221794,6.514388629536295,4.196445776641032,0.23974958910965452,3.481654933277983,0.5928801677996552,0.7044400057117656,0.2965076503172053,1.2084967771605923,4.2634584419891475,5.201913091645452,0.721744637515956,1.9952798307392208,0.775340339658014,0.865749823088901,1.1058023794484206,0.9388354246806389,5.340595639480676,0.7726494728843927,0.4979075826323591,0.9509998121910312,1.0642268194388178,0.5852757004841034,0.4222759505572856,5.025584452454025,2.8064197820181214,5.064142066429038,0.5854722885569764,8.08182646026266,0.3524025164788924,0.4929808823247995,0.645636799699594,5.0210680395226,0.2963896032751899,1.215318283515688,2.4660143823833,0.5512780567353864,0.6181748202967464,2.8050859271225836,0.95394532756211,6.921410405354902,11.723907080481561,1.4678716776250424,1.0786260168801227,2.4738209448066923,9.628335121573107,1.109706705319449,0.6328408427094041,1.0588880135946097,0.2707291923146244,8.849173738814473,0.4866419309949209,0.6844167795755709,2.4635246566640894,0.5425101208356226,0.7435986718778054,4.35503038090385,0.32231755787701094,0.43926412067134435,0.762550403197508,0.43564648157892966,0.6261693061188017,0.8850741137946807,1.3296948122653578
2017-07-14,0.2626689165818694,1.19776214064094,0.6454910779477306,0.39132793192495413,0.5667170435772518,0.3368491024378095,3.8379316953703846,0.335952176711541,0.3771469878903951,1.2584060694029713,2.2033050688312317,0.5285454541199408,1.0689934787720545,0.8458564570949927,0.5478941235482659,0.9058397223955206,0.6717693566082479,10.140470813726958,5.791165597491768,0.4754373060751812,0.40927582584709854,0.20205059682786922,0.9167967457470755,1.0527734188452564,9.454815542053288,2.442452506333921,0.3882497525491456,0.8785288492081533,2.613063649468645,0.39031718861520504,1.0128589731149722,7.021651223484714,0.6021070684991747,0.7127507754713074,4.046127010251529,1.6187907019017334,0.9724967290796352,0.5244202769934352,6.622867626660433,0.8258020970400154,0.41519093858934625,1.640699359620703,3.8038401141644407,10.699491039003924,4.735094401010662,12.881506794983792,0.5788121131758325,0.5709440242078562,1.6453613983275035,0.637044325303236,0.43946099182332027,0.7005115287621819,0.32772895300438853,0.4832271787627558,1.1922659238617612,0.6469967501774636,0.6068021626759653,1.2256693120427997,1.8201175529697933,1.1551457733897608,3.181350748994463,5.692364639653051,1.165003213336252,0.6392859857308397,7.635136995010519,0.7816864290194068,0.4221941564096224,0.5374052821735112,0.9272145105416653,0.4207316020035173,0.7974536063659804,13.347922202104007,3.317398675054095,0.8983178762103196,0.5426523761516525,0.867031791422997,0.5423481083609439,13.715784942004403,0.24396949654610908,4.556766739240346,0.36667377101143617,1.3703676357670964,0.608995479511187,0.834635091876863,0.5396988786919904,0.490250748516648,0.3325398440451633,1.64148698018858,16.187451540231635,5.949687777720715,10.624742726841905,2.2085696314683956,0.49657390153618075,0.6381393792914677,0.39036045079323856,1.2373224657582598,6.846943915731817,0.6286199040513799,0.1775751249446982,0.19053341392576606
2017-07-15,0.6654373748529079,0.35702517368842607,3.3834607692281344,1.6076273016250153,3.311324353780745,1.4314746831775662,0.7230521573736652,0.34834839734981676,2.3983354955704885,2.252732300288886,0.5046620519772369,1.311923639006682,1.175971799869796,0.8550825635283185,8.6618963319224,1.1231761906192965,0.30959859478182883,1.3145216153671444,1.877840457494118,1.736502806237518,0.2876698189362073,8.19724870099291,0.9868849423386346,0.2864162145584988,9.646270137355513,14.143653467661649,0.4706150128987044,1.0191289264652459,9.435235640949413,0.7889858669592402,0.697854900605602,0.38374389371752254,0.6699229159352391,1.3479799562985035,0.5728603297460348,0.44247812991186974,0.6799515981001889,3.7749262500185403,0.34141353912897876,0.9982224553096033,0.7988474443650929,2.4649960114468383,10.077943402676414,0.42662413987514364,12.268931741998012,0.2977721250732195,0.4148011733418399,0.5028989021041237,3.6518085301412944,3.1490146473459353,5.278887475691934,0.6495779462665766,0.3393981825181784,12.630817229364638,0.5251650595416051,0.3987922929113986,0.23252207369865735,0.44139536203652047,0.3740843083781137,14.064384752315727,0.2581916329331281,1.9527545150840657,1.414015116988874,6.025560232207348,1.1642986713394574,12.484441667778375,0.4188830682716243,0.9246550620767232,3.115013342984554,0.24269331098063102,0.649291793106675,0.38890417085204576,1.744702617532481,1.0013893402794702,0.8311564452906487,8.842134910519174,8.014087096435983,4.695764766194198,1.967797486592408,0.4277168028811616,5.454697224570519,0.23225155529510905,10.158767088851503,0.3448302920449261,0.4174371314864622,1.0521787106484688,0.4395381825427262,0.5474248645617236,4.0001227640513735,6.767272978109284,8.47344172001214,1.9583847716724387,1.0337348885449902,0.42961376209864627,3.3044086311832577,4.565762973121689,2.1599464159412682,0.7441496799939459,1.0324365560105286,0.7014990388118622
2017-07-16,4.423939782778736,0.46847948323128535,0.5611962323729759,0.5872331318201823,0.4092215719884298,0.6515202570865664,0.40585537682581885,1.2425564442344879,1.8986673730479913,0.908961830621682,0.2533227204058826,1.0148869204068556,4.040146986090705,7.007599637548334,0.9935880017423555,1.0883861730594828,6.952551273562019,0.7162147581692959,0.7749181265312718,0.7790917976693658,0.36378068622959425,19.8025472593663,0.37619722851792364,2.6814557826815597,0.3520821877112997,3.645509043146361,10.894493590605375,9.593825129159473,0.8297214455382217,1.4435969397003874,0.34100203353355046,0.8697525451569533,1.2369619082326542,22.111619049240126,0.4018023605223946,21.44974424882711,4.98934875217867,4.717704583628338,4.69035336883685,0.283262260216137,0.6708303191498628,1.861360706245385,1.7509605841919893,0.24812496945856016,15.946412237715277,7.787632719275425,0.7588113583317025,0.43208762687050933,0.6912491716648997,2.824723858592289,0.4482035640878357,1.1088365384361134,2.621668847489077,12.209261975568303,0.47157280206155355,12.52138527737661,0.8263169993256176,1.3416886163610084,2.766361891965976,0.7002157851208868,17.33599960041382,1.1412503162470056,0.7465950238653345,4.580649151723821,3.469785692507866,0.5185667565323147,9.61215271689405,0.46061236189427035,0.44964616490359993,0.41239800613029765,0.6001673762754195,4.5970152409540725,17.263390084777008,0.17101650999435036,0.5210381954440462,0.5460187393388806,9.154852200816197,16.006736121433946,0.5957276365367732,3.6625465692176027,0.7376026615889557,2.5264081768096056,2.3516166222547485,0.6582149765080616,0.7925041446506405,0.7338366158460875,0.7300154396280373,0.6504533525425413,0.9687364275561103,5.734838118698004,0.9926599831199563,0.43384904261043034,0.35806248565411936,2.1709971503087186,0.677951879337755,1.06536952175362,0.6003527377401194,0.6563927941420978,8.920820942564985,0.8809135023349587
2017-07-17,3.955014531898958,0.33177875652854,1.441282684950153,0.6971155716934733,0.5483055253879813,0.3224166828777508,2.6456538769258575,10.507543562309955,0.5042000455936265,0.33630787142435636,1.4764895496911665,0.27904177706247746,0.5287004462489561,9.205653836193402,0.4355730020362206,0.5766994502472473,0.3651134857531411,0.38061835660759114,5.4272722055541225,0.7425099197774836,2.005111714729514,0.7981192654314062,0.657271615507998,1.4058404753845597,9.886745068149741,3.2428436103279124,3.8448362760332286,15.065881889342075,3.8950866401659017,24.931474912288397,6.14179986299638,0.4368037054215722,2.9050865609766094,1.221701387513364,2.0555615538770406,0.45736805931750496,1.1041525810850685,1.4026162436855765,0.25904510330793856,19.208706109018713,1.0710672393965637,0.4011366540123349,0.5998948422813384,1.0818865890637928,3.4206643802358143,0.4322737250834367,4.3048946870414175,1.0120472085437922,0.284693207337621,0.5763379483087643,0.4623630667314205,0.7033852137085543,0.29029960936628835,8.604738490060678,0.5891135176532536,0.4269539424841264,8.54065118236984,1.4906370768591286,9.21720642064697,7.243816844222784,1.0072130103350074,0.3244020811180534,4.889207625520093,9.213009749463833,0.3390865078378626,1.6895641474637204,0.1962781532104226,0.6917462301136819,1.0918517887322714,0.7479661968765456,0.45942009318665306,15.039804813847118,3.6680436913059284,1.1903455650624062,0.6479362730547705,1.6420071333557804,8.56286158954271,0.6310097475581766,0.6800986901205184,0.5904462563505699,26.377234419528655,0.8327051298012329,0.28731664915151356,2.6934709337915486,0.5503323581253505,3.9424539139283623,0.36438763645317623,0.7791801119696501,0.4652813788313609,0.31377078982755546,0.7430873520525575,7.643399387539768,0.4067556544329179,0.35532624616361874,1.8887741447272512,1.8033898297306785,9.414453660716497,0.6983978137952814,0.4945366811948824,0.35225580890256175
2017-07-18,0.7031925122582983,9.49315376585047,2.5773908099160843,2.1720478467943733,0.8407141856665376,1.243842650886698,2.8949241082105273,1.9529590199586504,0.42706010149183576,2.488138337443483,0.5325558148596237,13.370756918833113,2.4292354873224946,2.794997749243843,0.16390694035774678,1.1287604843667645,0.3857570944620749,7.524782612423068,1.0941714004764518,0.30728164752242415,13.817879005490713,5.795434290213605,0.3678170176190642,0.2998050685633283,0.6195193207028236,0.9608072518067303,1.3103450927446734,1.0285375768902187,1.153127862284231,3.3435933718165454,1.3316926026077731,3.8824658988600445,1.2559231814015517,3.260888688434594,5.081202452364256,0.45320254212102296,0.290587761499238,2.619964824282191,0.41210152060380933,0.5819840600465958,0.4483972956609869,0.45525563423990917,0.4127322541945958,0.8933667719980927,0.32468183490499647,0.28909591246601696,1.6190717887980621,0.4077921057038607,9.548841571858246,0.27035186562080954,0.8706367276646211,1.8513721022628167,0.2366290162844373,0.346670062163174,1.5321145610241278,8.927199050681258,0.3975323805046702,5.070323001503714,0.8671315470486751,1.8816774474995932,4.75489588458485,1.4500078382477337,0.533345321767675,7.520014672236077,0.2653126113574745,2.7632326377884477,0.3592442181831511,1.2782429105034128,7.67877129057856,0.6510148966602156,0.14221435851415737,1.106031630282587,1.8947040228340033,5.745436021017277,3.5041902435311796,1.2510889340008395,0.5226884392399692,0.3836222034346495,7.868094339003669,0.9596826330026984,1.6277810100450356,0.19533743306474474,0.1832771530207777,15.259610939118256,0.41903082611586745,1.0162363736088647,0.25669968224616374,6.594903147259398,3.2936002298666835,0.25143291894929753,0.31852637605407763,0.19778440203021277,0.5957539442550915,8.215354115255384,7.520305044510075,0.34000741036025267,5.4924119406447725,1.4270960148879563,2.609431470071653,15.292364977794756
2017-07-19,11.072954013250206,4.289009969512697,0.6523794446604734,9.42828368328759,0.8858067361098276,0.6336791282991788,0.36109390569930283,0.5962725797192762,1.1521213243287083,1.384652213174239,0.3783732046719225,0.4219350094641629,9.794803592215079,0.4524266499448112,1.3026400326329255,0.43028488856111907,0.5070446548612597,0.4260625889087913,0.36425654250028017,3.4444965793428377,0.30580422327155493,1.236449835770976,1.8491247678392897,14.874289086433135,7.6327141624965416,4.37742544529088,13.074287389523525,0.6499002086327694,0.9148292237890792,7.932252085612833,0.6799047052847036,1.2511273466173813,8.612028998119147,22.079808204318415,0.6019247418558226,4.871896915526523,1.30929215714672,0.8693701156759165,0.26826489525987796,5.692845554216179,1.3132250991089014,3.924470132317063,0.8059730206981812,6.265151576469948,31.915515958426912,0.5910517865662626,0.39689354029828844,1.207156148968258,0.38515607265822427,0.4460554669396406,0.49835121931142223,0.5763197446658261,0.7233038307266191,10.404710383664485,1.6468628019309055,5.005547324528484,4.770883906867333,1.702963955116807,0.3093215040973466,0.5102070546436935,0.843126546924138,5.545795988324643,9.98066501728543,8.138194859016394,0.6199903099724154,1.0693954810311515,0.32062522700343926,0.24493434768441108,0.5417321344094113,4.6835879833878655,1.2925818193173138,0.25510017277878744,0.8903228664436341,0.7393075047738941,0.7575385191765929,0.964356354475283,0.17566164395735984,0.8638644015613178,0.8651710405161291,2.497238562252068,4.270300266176291,3.7550445550021747,4.504941582975606,0.8267669316503439,5.703077155044688,1.171281585933671,0.9279499662889065,1.506676443503151,2.1012176188293683,8.523006778438482,9.545193685617338,13.253812352555665,0.2556988474126908,0.8136347853572942,1.6897227690015881,0.8238352834760679,5.497401438710609,11.972296136323665,9.181168862127807,3.9982690780780388
2017-07-20,0.6171993435216315,1.552088058787033,0.37342141422281866,0.9086222280814017,0.5588831738879768,0.21320702446946793,1.2561876386410098,3.5599712740698743,0.5490974901105171,0.5123927161971268,0.4077856490258205,0.8257703783968328,10.388048544859286,12.634907137707994,1.1874608861288398,0.370179412000327,3.945582909948367,1.0866615628839917,1.1093106776813502,2.615669415748851,19.785708032615148,0.36987156785336955,16.188587023455,0.7705195774953606,5.189086609403716,2.1117032668835463,0.3876199773429607,1.26996864209812,0.4054187764469443,0.4362171159910718,0.5489543978540412,14.58140324265207,0.4045271457768007,6.498953616750517,1.0811044908511884,0.829580373731623,2.8245088516280648,2.351891362242201,0.42217114533245215,8.909487070589366,0.8437799552282876,0.6732179369116329,0.2645480258761021,0.872873256536321,0.38048212276549154,1.657337376040822,0.7384745618033774,0.7099341544786184,0.8998193789339133,1.3187680259684829,6.452774494373211,0.3897817341498179,4.2671757306273275,0.5829540755220776,0.30461357180927323,1.2506610913168026,15.739694467983261,3.7169505783218564,7.25719421189096,1.5431391410947588,6.748901072293922,0.6874212308392984,0.24367578351799749,0.5884686240667276,0.8343211173231958,14.930197038120445,10.714247735865824,1.278508991727531,0.6762102672014181,0.3865665281197366,0.7310740474808433,5.663491759886695,0.6691536040282566,5.438865977441395,0.2969555454580537,0.5035969022649711,12.077561307996874,5.049455180224651,6.326824830229504,0.8046229802852709,1.4274034163733427,2.00637611162389,0.3286387004206418,2.4228106938109186,0.5783790275207766,0.7784121729257345,10.998716774083956,3.0686025347205175,0.9241177433329216,5.092770330558687,1.666919362861327,1.774229903966236,0.43509427018771163,4.863982217082179,2.8555106971054705,2.0673556274668465,13.300443302217673,0.6923852198486762,0.414456101225833,1.7005954316758276
2017-07-21,0.2225317610587022,1.3095011488633284,2.214534507815713,0.42096568090122954,0.5184635143243781,5.6082383587653375,4.3278997522951705,0.19173097957981564,0.44242569255016095,0.2463216804210943,7.728798770518581,0.6807403971084034,0.41995552487100085,8.722750839657275,2.792409320851087,0.4628102825954724,4.312253989229862,9.53242861816016,1.0177470605332315,0.6662175926826234,12.841442058912508,0.28730838481757703,0.14043453487327573,2.9251049330320997,1.2098904601060643,0.9833942455323497,0.3760160270461831,0.8873665033916255,9.49496545131402,1.2469500110340024,1.9324731492870095,2.129547454998644,1.2569805817738506,1.9086255627470958,0.2738689432400911,0.2790964461508542,0.6304166628681186,9.716803234984328,0.498847914990058,5.69852441183389,0.986213906634149,0.537020543655338,3.801565411949491,7.937192892187986,0.883639625880546,0.18915642363078494,5.772961395286707,0.29000567351167994,0.5958619438916944,2.387155257073147,0.41752504156050696,0.24773400466031997,0.9816327564920118,7.005111812543736,3.255745680870411,3.051652011746543,5.523995755058839,0.7136805640890024,0.5936277873589184,4.704157211804289,9.34036725561115,4.01473381487071,0.476895105865772,0.7822701015150804,0.26601676384959166,0.8382252898647645,2.2308681609624155,0.7292194366447895,3.061432910906759,0.4298490568219482,3.3581539538603007,0.6204604125975912,0.3596299484947921,0.25363399103807394,2.413324465119119,0.4131682993936987,0.3007723400058276,5.544118679941467,0.456550628535152,2.4312908972280227,3.175268809636175,0.9284224260725351,11.25006507493688,0.7394791198825204,5.755326247662828,23.614917341233966,2.118467678868037,3.201523536278293,0.4871904687863735,0.743858054611248,0.42643592055734036,0.7697723948403236,2.222742796838706,6.98704875352255,3.4105358129961316,1.9938577498333196,9.7093378247632,0.7462122787878542,0.3722655078530199,0.5844367570196998
2017-07-22,0.2141691762080883,3.5396475592632304,11.93211012681281,0.1715631165974275,0.7390201034347501,2.704764981238967,0.4261120298725683,5.95255251258155,0.30364046045735404,0.2277702198309699,0.8734004820027914,0.19382391657225986,2.692406017591368,0.2562141462982767,17.136619841223812,2.7645037719362717,1.5059456515434417,0.5478666594776712,0.822749332199996,0.2691280058342117,6.2695808870537615,2.9337943924843533,2.8563647842355335,11.859582864608155,3.0133264040713263,0.7473133220460949,0.8843837031484086,0.48591540959097734,0.5420188738180812,0.3114572853194163,0.500641500579438,0.7534924370044705,18.788599288611977,34.94758399722534,1.5529442261423796,0.8813128730639591,0.8021830322499119,0.8491240337851336,13.853537049118039,4.106774749167194,0.419821869290184,3.362287140005964,8.850230389749886,3.9636024543307875,0.5186166413740495,1.8848480958129148,8.280959808527056,0.5154337080828156,1.061727580317714,0.4352837958954463,0.5329281235685779,0.41467359702262124,3.837755759906146,13.525828907724353,8.143495816226094,2.1675841048687254,0.2889016311666661,3.1030364677285163,1.7073506523977378,16.746659523852387,0.3890544262215382,0.6754635536882092,1.1687208511844251,1.989866721864178,9.017747693680727,0.5176753899470047,4.9002606329646445,0.4147387486322178,1.511781806510235,0.6166188085551024,7.421784188914919,0.35051076787649127,1.6544253505495283,1.983726863119425,0.24601493242932115,8.331640057855141,3.644723286930771,0.4775436399802378,0.5112521388294761,12.446700359369945,11.498439568028823,0.5502931214830735,1.2921662609589293,0.3367350876176609,8.905682178275809,0.45372691091914075,0.3209270589043363,0.3446866080452625,0.31391119325333305,5.566543452816339,0.19823409142532367,9.405670447971657,0.4510276804043313,1.8289787590664461,0.5469354190441706,0.31610612773906827,4.132818639905558,0.5569896500524899,0.49331062737007136,1.0952196776343401
2017-07-23,5.687302176140961,2.0598291406780143,12.017556918073922,0.8011766634491412,0.384383694032669,2.2433691527491137,0.5248338312904955,3.2643912625341867,2.900275720920467,1.5872291140823112,3.839691435194643,1.7565410998928426,10.168377457193584,3.6363876472969237,4.616746545756823,3.7543667820775783,0.22097967622950743,0.3963539012160603,3.2783214657862816,1.3747111157735319,4.569602990394677,0.8710402161893218,0.9528757352427609,0.41427125150652444,0.48051038980319805,3.028071476276042,0.5633425551905417,0.7483462087775627,0.38105968769940035,0.5797883898636678,0.4484628869656405,6.294945363154811,0.9947238269553299,1.8532953955484384,0.385865452512619,1.2323398015428781,16.96203406866364,0.6500171350777202,3.4611143443309977,2.020091226903637,7.90718297699095,6.398850397552347,0.4741426901791092,0.774449161536877,2.0852163450390675,1.2557335819079245,4.053730129177338,10.475043829565593,0.672549634635481,0.3679024255575895,5.6932116309348215,28.023182732338203,3.6422233664389156,0.5655632521589468,0.3301427450627357,9.020162719501206,0.5754842768863283,3.9256989419602717,0.45349353368304185,0.4980903536208672,13.405428248070983,0.4302124381287281,1.192797433701545,0.3896988082162047,0.923246903960084,0.3486888155478544,0.7451412149670614,0.22347216234160475,1.3115600234103673,1.0191333808246892,5.2981331737800526,1.5343549698804355,0.2172925607875089,2.40567751831012,0.7673477867237066,0.3585561936086847,0.4498579487072116,0.718290376213366,3.8484653274098393,0.28379012469270903,0.5858915865430852,1.2061444814140283,3.4059025456330363,1.410624592094106,1.4745626040780022,2.61309804414121,0.25368890936980215,13.13939288082237,5.288346233735756,0.5202943553287478,9.068932401343373,0.6195970738092021,1.6167670589659802,0.5500538234597481,0.24046673706144295,0.9083044585671184,4.438372718291766,0.4141726456103148,0.6300685091493117,7.05983649943269
2017-07-24,0.20727739491351913,3.3890261644154807,0.8222725144110951,1.8433822093887262,1.116847750041899,12.71343644754488,0.9505665791526808,3.5572871045472283,6.998904568825007,3.0414355479036463,3.0712830393197073,0.8204506895511819,0.6404119315815368,4.745864575470413,0.4811863744211463,1.5173452100608207,1.3798319469095295,7.545109485213238,4.437129837193848,0.3031977477764079,0.33870047267745357,0.8849067169025874,0.6378377942218196,1.9170395722536497,0.26297305368465945,0.9950142647726188,1.4753081352161417,0.38719431744206273,1.1428384268120133,1.4518484480831975,0.48085489692989275,4.009164949197698,0.481568138389217,9.30773868438499,0.41542733101175183,3.099796008252274,9.311840473478933,0.5135781793589796,7.348037304840001,1.6022257090434633,2.29165768117772,0.4315730743604579,1.068428884723278,0.6606534674873129,8.502161196808073,18.42516516992757,1.7416245711920706,3.218508372196798,4.871016829833284,0.4079266153297014,0.3665864049571985,0.5120929998029298,4.321778070517864,0.8145909115605064,0.35193926493454647,0.6214506648178674,1.1043353913270861,2.4115047002484746,0.6158656386604915,12.970044902292036,1.361951974355884,1.146242754491607,2.5522267805965813,7.764976963632309,9.661273747872965,6.080118290130134,2.3772508755501334,0.31043892214009394,0.7644465261788386,0.1919312842309561,1.0800043884720327,6.996336609431658,0.6859828708909785,14.67422894332243,0.9627391728563195,0.5694640604431765,0.24555773163752134,0.27996524613505386,0.6280210507816019,5.041545150629648,0.31281202911528583,1.332247564681684,0.41066151115112687,0.35960748228762124,0.8112795057818045,0.6686268136469106,1.6389297096445123,0.6081648736699979,0.23434110443738188,0.3088955892283975,0.5788850169076437,0.6940993428549295,0.1979307081506666,1.5132304892047006,0.47635433480807693,0.7314588444584683,0.32824981347423754,0.2646576577001651,0.9421043680633602,14.893689742051867
2017-07-25,0.8539644238778172,0.3948095888316114,0.69954969988504,2.415942374517616,0.8108058908291691,5.649092647757674,6.827204356296108,10.14319365308906,0.24609324536350802,0.3191450571019542,0.7682587297562296,1.0861742972904063,2.0739428802800166,7.013415930191688,5.428388731332884,5.089463782190405,0.9817778643447074,0.5403004219773753,1.065159414876384,10.671863745410871,0.9207886171292585,0.4383112019137628,3.780212364508158,0.6586137713171537,1.2591146316693105,3.801060800071988,0.20868087675649272,2.791774267560925,3.4545830932617507,5.388320449396014,13.153156725000688,0.4288382483184489,0.8530600258830059,8.580888755442764,0.3517718008601575,0.6524405422352497,0.3962091023990137,0.9168804460205142,8.328905216299509,1.3933162780855635,0.287406332375177,6.065217645700804,0.2994519823085559,3.2292719308610534,0.854515357981433,0.3524486256803365,9.25252378155328,0.5302292787131013,0.1468554963999476,0.3047244380456506,1.4360327158421173,11.072823529272224,1.190315679415131,0.3982678900558345,2.400842784319048,1.5772251930832282,0.5045152123767339,0.17930297315567006,0.3803190704705906,0.43279556637939814,3.744164677539297,1.2251199007282925,0.4452320484688152,4.3357410919123796,7.065605995206981,0.3884865158472946,10.3127498464082,0.34423363811198654,1.6174075951432239,0.352358267367956,0.9314256753386131,0.24381055626001544,0.3880852290264979,3.495589563364212,0.36958301810436867,7.718487704450703,13.912020707628697,3.381003228664411,0.7575327785638091,1.3301309022817824,1.6451623370788075,2.1633257492156184,0.39628987203465554,2.1236080132484254,1.5548929224229522,2.131698612280484,6.716942062008477,10.644637856259784,8.490779428331692,0.7214147407845217,0.21587976178186755,0.5585986637222989,0.8987391919278072,14.395226657995034,0.34783781090708454,0.4668543402714647,4.0253319686933136,0.4343977536968308,7.91404403615976,2.429972299380558
2017-07-26,1.0238609947819504,0.7900844097185242,1.4078472300345553,1.3299435535026745,0.5015715347041971,1.3730239713636694,10.076274854483835,7.907398916771029,0.5971995319239366,0.20405650065223468,2.104252800446989,10.412898979192915,1.101645970748126,0.520648749810694,4.085332378861959,0.7884385311163318,13.635482253737619,2.9980074912115753,4.575569417723032,0.17235052153897232,0.45029284408965853,0.47234374995799966,3.2230037154235522,0.5867861742391907,1.5289223242170435,1.1368226484291744,4.92127439888907,0.3396708389210152,0.452895730592492,0.24206248077077439,1.3345925165061923,0.26202575925304294,0.7841706434173412,7.0171351077825355,1.3165918314661698,1.690193711621438,0.970131082466934,0.21213340687681523,0.6821530408733917,8.317143600896452,0.4031174418284315,0.5480465566536419,0.6919881748326498,2.8415365218988478,1.1012896961991498,4.475967844337853,1.4730139431424918,0.424617967313097,0.7375873913323586,4.295451966641422,1.4639024002499013,1.6737660835962502,3.852824767242307,4.728080778741928,0.2896297016664018,1.271935684535028,1.3301269477380915,0.38029432169570226,0.46515099099711227,2.0801465793281384,4.77498283214512,2.1974708394486906,2.6385925039541864,0.33078673558630844,2.029936813257257,0.2498322511815166,0.29298370671582336,4.792942259561294,0.6124992855235047,0.21349828619050193,0.776363679973062,8.18021306532813,15.88334688047542,0.5524351392026975,1.4828971710181402,0.11598264493509156,1.622084322067022,1.8728906118017061,0.20569075655435592,10.747888373420084,0.27894709962647185,2.66247303080568,0.25388528772131574,0.37956200927612516,7.7942367825371415,6.263625320888873,1.4179205537447113,0.24843873058167143,9.159054783721981,1.1798739371273812,1.29962897202886,0.34273875649720525,7.8657284793087126,3.642241728565237,3.8640513279994306,0.5706701732334701,0.3847684673991966,0.5243920136828939,0.6392869703789227,0.3913698730786765
2017-07-27,0.25722573908034035,0.6547249471644911,2.432091885346783,0.6242471485570511,0.9923216490073711,0.6053970153908378,0.4978311534508352,0.6555943607713437,6.10008052627822,4.749163561079476,0.5568777605759637,7.204187717403637,0.34753146339928986,0.4735536035017221,7.335556821182644,0.4751864611538778,0.2411504342356674,0.40035763212576936,0.4566021722528992,0.9441572326284016,0.7705130796436266,0.326572912811105,0.9699390053313864,1.6009648681743125,0.4318792310498676,1.2834670580999643,1.3763511158644604,0.8890637248036132,0.6656511478982979,0.8884597460475832,1.2252414062919237,0.586657222635966,0.7128653939522814,9.877666561748274,0.8547457988904351,0.770873007500024,0.4949626543558026,12.209872115386036,1.3514873471128093,13.074935361533257,10.420784530589604,0.46732623092387937,1.4124643263669219,0.5804366752040708,0.42799558937459065,1.5883616215563008,5.462173089539501,7.990841770758181,6.1509632489305694,2.742824772956549,0.9802844238143635,1.6184365945377854,0.34270226527269626,21.766975970806016,0.6137165180308631,0.6494095714132091,12.834792903312005,0.7640472096150437,0.9420211033800236,0.9915513694174067,1.6459537251999468,1.7510548306575346,10.788647083619693,13.397180970396867,0.3519111404142657,1.2373885656467463,1.2623981362802572,0.7318968961286967,1.0417551957939348,6.463731744964558,9.269424254899443,0.7811819776902981,0.5715539152354833,0.6358426870221773,7.140983639826631,3.9501526394416957,2.9005430696332497,0.7009885883882202,0.38195171991477417,1.1804276105166172,11.589701240124928,0.5358529929537059,0.30897667501590936,1.5185665274023639,0.7577211626109601,0.22651787463283193,0.6318303579096202,1.801551430006785,0.8326670967585919,0.5342605314762975,0.2374881943287363,3.152471124836054,4.5899273528220865,0.9791921939665188,8.379108998589123,2.663058382712279,14.219182079932828,22.306605009551344,1.1650643012910633,4.6390073673278485
2017-07-28,1.005231196614533,0.9737769198688224,6.775277536162324,0.8750826964021458,0.894615361165352,1.070175110145382,1.2640887699275316,1.7234146908904413,0.7460219928888053,0.8997153156607041,0.7509193045550161,1.0381329365069012,0.7389812947795151,0.821152762642896,14.082386788354334,1.5905423099053428,1.6086935267105975,1.0235698057209055,4.235444174964222,0.801740488926995,1.4242949617004739,13.502053721223705,0.730619922503185,0.6818112906272372,3.2544125779064115,14.883391526928351,0.7437051360438194,1.1633022543296838,1.5035835297461146,3.4032354657835837,2.7076961938332795,2.6821494490580693,0.8625814028907519,11.096501378778772,9.826373627640628,2.280148268394647,0.8093722177854246,1.7305364582064013,1.1701447423575884,1.1838352679009205,1.202440810897963,1.5358429882968267,1.5292870603064637,0.8657947083893638,0.9876490780739441,0.9367744743637002,0.7376240963098241,1.5228231399213465,1.113563020496995,5.602649096901346,0.8987159930024633,12.875528228931227,1.68720814549202,3.090853742441997,4.087096123359518,17.06431164035796,0.9681319374143385,1.0551048617293373,0.7877545978002015,1.2189788031927313,18.97046532333816,0.6415946963945939,8.089150462211805,12.052144447692934,3.9957255126731552,0.9331054911317113,1.6145157199297393,1.162519334688654,11.07994116897089,0.8999572734432255,3.8786941686542034,0.7396164138370834,1.1852247837189698,1.559988857188681,4.509429649039212,11.441154620377562,13.591009055628072,1.3303757579252988,6.157396802994923,17.025526249720656,31.1178645081796,8.944779639506814,1.0713050050174786,0.8143844989549535,1.0870548717175532,0.8596842785734239,1.07092942770966,0.6405674871334933,0.7658176130622685,1.3291486185786368,9.572098681056639,1.445447754622141,1.071595852506007,1.5750228065437641,0.9733846851700052,0.725284080687563,8.964757928726439,1.5884420228253537,3.8818032803909466,1.7869726873525815
2017-07-29,2.589751801503454,2.194625857830609,17.174904684502888,8.71040970218147,4.250425939876701,9.110877992313096,1.8376267051447222,7.3565929294351236,1.510964235974507,3.820039088429335,10.104860616541023,2.77110208865954,2.076622572045973,2.362944649364647,8.99876615494905,9.286180187612732,5.3613316873052215,6.1150523252803755,1.687442176604633,2.84822434203718,1.6140298985044208,2.462454874853932,2.1843701733883165,1.5919032753976348,2.417093959837696,1.7564614950291348,2.558431322439988,11.968406728131516,12.872645175462178,2.2280332566228167,19.271808315896816,8.061365433597823,2.4626720185401045,2.144276102753669,2.031975915543347,1.6776877630126552,1.8185936972101904,3.004840561618368,2.0457801753488334,2.179262261819149,6.976148905870066,5.695454466170675,8.213891809648763,3.5378420078877024,6.074377995826434,8.073023777996625,1.8302881163394855,6.35322800759632,2.464077450362604,4.18904979383214,1.8936136119298894,9.788915552521967,1.6975545162008208,2.015036594478714,2.8077742487334394,3.73759235992197,4.5385798341038806,5.383627987337827,2.1454854469573443,7.896540645917723,9.553628641484698,2.7621743880157887,2.6476248610596342,1.7576916436047354,1.4885449142606908,1.8392984277797,2.8762301658468603,3.7255317100868917,10.058004471417116,1.7472829034942594,11.03190287787787,2.6359460323800046,13.79086502079791,6.979613429516822,2.9236486006869495,2.1057852667955688,3.6825246323948657,2.2585227322906327,4.836930842753865,10.116539925565524,2.108422721982948,3.1455278672496854,13.769226131327477,3.2626993685409924,5.078397279128487,4.94773946790207,1.9188628842843116,2.857570693797387,1.5569015060310922,1.5619939777762553,2.3621321623060374,3.367214022210797,1.7025289294348098,1.742762847125816,5.597422275465065,1.6154748972701083,6.88978380163643,1.990103289376721,5.925810435107638,3.523292974710475
2017-07-30,3.2439142191237504,1.9688962768786242,5.101371321548141,4.879104964739177,12.599171047534677,5.457940189201729,21.061315770705946,6.823028845317129,5.009102154521795,4.870548701294661,2.0081933833341825,3.8270616428119726,6.431641065080784,6.74515002940234,6.796892294068756,6.571816816191399,8.062155497051563,4.076832554633695,12.411546697164455,39.980789789275406,6.948736323803087,3.747554117643814,5.018081371855602,6.795771014266124,3.3054948170200693,19.941986376818605,5.089332621853838,5.060660956560109,2.597824033220203,6.375093541042542,5.202761927544843,3.7858728593440434,9.266622144868428,2.6610127775600594,3.761837989251355,6.333973221470101,14.604221649305241,2.9128553700804503,14.708788466338657,4.658100751740943,2.5617835256097097,7.926842840239798,6.916607041107052,2.6423958383846964,13.679944744997014,14.563180190155473,7.050961621807046,13.632115633852914,3.759609390508653,7.493675453010408,1.9597862389011567,7.640527559830693,17.092397105312347,10.130407588072467,28.03675465130357,14.502803012829924,3.098067502371767,3.555738682339647,2.1322089754160816,6.545350011317546,5.6300925202134255,14.211945047797744,2.2630972608352766,4.856362863263263,18.38728746236705,4.843890269886934,12.210223972081042,4.789397995461547,4.042546122683012,3.048889059481814,5.076399053831649,2.765932622570756,5.5597070711862155,6.380013959916954,10.19359840792814,5.813774882650451,24.329654450708702,5.175641846661591,3.0526065570000407,4.03170616642709,2.57866245069989,3.7314093511412936,17.04459736438732,13.107424527800708,17.61670048297076,14.152766194124856,16.825279642970568,15.368795791000014,2.581122967561235,7.4402536962466055,8.764168462506536,4.982432794417582,5.145729394517087,4.478679881262966,12.62696254020666,5.525029917022672,6.307035080115957,7.582371357231555,11.516519775946934,4.484834769018218
2017-07-31,9.60397126470648,2.750190264586819,3.2139583598762846,5.315507290664695,3.9529652899629344,7.955895522862076,7.282786559199579,11.338019795899585,8.628168735862905,5.689149709133688,9.85564366208863,8.631755188828038,5.514536464207522,15.071016208285617,7.088816263936777,10.26827424205964,9.721113387277077,4.253869675396302,6.9660823019711575,2.963578261702492,3.970272240700465,2.6193282511068716,1.7009155811853411,2.8858861581259188,1.768295024242647,8.951089447435765,3.2789345978118383,3.3907817326239953,3.9230358599894597,11.285785880594965,2.1436475197136264,10.18214313057227,3.0148321647973635,9.219821652651719,7.7639260595653505,2.5701079404259497,6.761097846474391,6.065311403756319,13.400555828519366,14.064852843032012,3.459494986914445,3.0260268864532507,14.594888846358684,4.193824860976313,2.4233384923603065,6.45999551997675,7.134646005384601,4.40007830303069,6.019219510120174,3.3525024776680064,2.782914147246827,1.8267723207848456,9.301511724358072,14.29410397667095,9.78577837596057,11.132337359268682,4.126393422556057,1.7535024026502621,1.2715148347442065,1.6351983263513694,4.674163529254044,2.3884273237432776,4.016254276826548,7.1921852285296035,11.48484871798939,1.7365504375760987,10.306124548591983,7.490626199995906,5.065914357518298,3.0233479375093624,4.002291570179769,7.507581630941751,4.53050983053657,4.378682994863494,4.618157314496332,7.1310026252469045,6.307229162515086,5.3120939237332605,1.3522851681664378,2.419459078744288,1.9406417127266684,6.903802961328043,4.235384244434094,8.554858882560037,8.426341960482736,2.820510528434711,9.47740211504723,11.880103317884792,5.961782161791394,5.567849009951095,3.9478337750025996,15.07964979549758,1.8743051779092694,12.258991962995273,8.053470010307475,14.779201986842512,13.81381326799666,1.556683400292616,2.900362076500975,9.305526449242008
2017-08-01,1.5800427385086002,0.24901726759621462,1.6442187034194982,0.7416310958201299,5.57214894951513,0.7022831849025238,15.638385235920486,13.484983681640939,14.90188021173892,0.45356034457230926,0.37429668380122083,1.2324755991721248,9.344088911961903,8.390182298211252,0.45127674494734005,0.11697055173116433,9.32959476632218,5.079166632127399,0.3072056817307879,2.696365394208435,6.125633992285804,0.5972820958861761,1.1598374073640139,2.168272810571455,2.0224177227859075,1.015738390454805,8.270416893203974,4.267887257561264,0.6875182805447775,8.097322385011129,0.44053643772036766,0.49707863133655633,0.16238905880290128,0.5613953028026651,0.493684154945851,0.9686329008821922,0.9283982587136157,3.4164932373268306,30.577432604796797,3.2863738480010256,0.42533814440125817,8.239226874297055,0.2850328579448574,5.963054663662255,0.1843972152781812,1.2957457299664505,0.2946089216177535,0.45502145873909006,1.5473096135541626,11.344191110874887,1.7914812750253184,0.3419485649374151,2.127755994009895,1.108138139433744,1.314886975919291,3.0263692939974987,2.4254631747833533,10.44826174849771,13.452416306076909,0.4909670846480687,24.88828527237758,4.455453147751653,9.930333987773137,0.4442557075510181,7.754550547941921,0.9119254106054385,19.0710961121961,9.32544900883971,0.8378974051502556,7.351656119421198,6.181181635644181,0.6546255163696539,2.9074564184202094,4.580804252732494,0.9968267402931907,0.1003592933062497,0.24810366562363095,11.420846187099436,5.047610599301433,0.8228855797884687,0.7723293385104772,0.8705420023610667,4.2752211863711285,4.705805091110056,5.000374005689817,16.496780237439697,14.260421743982928,14.951849396638861,0.5933726479001409,2.5863809454940574,10.086601768790931,0.6474465363980787,0.26054298195772085,0.5593792221362917,5.188846591678563,15.157472807848894,9.465004262216228,5.970173793161586,2.7669263270574387,21.122549496543083
